USUARIO_ID;ROL_ID;USUARIO;PASSWORD
1000;1;Georgianna40;CzUevHi0NmAn4c8
1001;3;Tristin44;S7I2AX8cfkLL_VE
1002;1;Albin59;leivV4IUIoXdaew
1003;2;Wendy_Johns95;Ui3_9_LAbzhtwzM
1004;3;Ford.Parker33;tHjemE5LBO11mqg
1005;3;Magdalen37;Vp7Vbdpd2eHbiew
1006;2;Leone_Blanda98;1z29dK5lwfjjFHD
1007;1;Amparo.Bins;ApeffnWQT3jmNJN
1008;1;Magnolia20;rybB3kgetSJLXaC
1009;1;Vernon_Weissnat36;QFln6GP15pLkFeo
1010;1;Elna.Bogan31;Rh96mtbasL96jUI
1011;1;Maybell_Schimmel58;5KkQI6C1UySly5Y
1012;3;Walton.Fay;oiZUEZ7Zcp7O7DT
1013;2;Yvette82;6GUjqXEICfoSsUr
1014;2;Lilian_Friesen;Wm8xUdgCbfiMvaZ
1015;2;Ella_Gutkowski88;wZ9OQE1SXweekAH
1016;1;Adah_Batz;O2rzOkl1ti0eOYU
1017;3;Seth_Baumbach;N6wVvGEIpTgxAhn
1018;3;Trystan.McGlynn-Ullrich;UUag6mDoqwhI8kU
1019;2;Holly78;Hi3P4lF_FnM6nwG
1020;1;Margarita58;kodEq8jNZTTfPsH
1021;3;Fidel.Crist-Feil49;JoxTsf41My_fQAV
1022;2;Claude.Thiel44;IiR1b4HJyiboNxu
1023;1;Caitlyn.Lakin;kFvHzICxNcXNkaK
1024;3;Israel_Collier51;QAoVSLg8BWu0WSB
1025;2;Arnulfo.Hodkiewicz;Vw5B7Q0xpyWsmzY
1026;1;Rigoberto.Parker11;5KR6QBdpYBNRTGO
1027;1;Maximus_Marquardt;M3IvfY7rUhiZvnG
1028;3;Destinee68;4NblF37uU8n4Q1c
1029;3;Nils89;586RzZZOxpByAkp
1030;1;Josh60;wYcQvtCjnApThIn
1031;3;Edwardo_Mayer-Douglas;7zPHSrt76taAZYw
1032;1;Hillary.Feest;ciRXf4p_G0_eETn
1033;3;Coleman_Barrows73;BVswvxph4B_gk1S
1034;3;Florida.Terry;gZTcgKfMlbFYH4H
1035;3;Renee31;jbJE4pmdxe3Dx6g
1036;2;Giovanni.Koepp;ZbPzFd44sLfRliP
1037;3;Justus_Rau;EOrKHOQa5oR7jAY
1038;3;Adaline.Gottlieb66;AWkjepLrP9SSWet
1039;3;Hanna.Schmeler63;Sl3Y4_YgA3igirq
1040;1;Tess.Pfannerstill;x66AjQRf62D9mlJ
1041;1;Floy_Kris;pD75E_uTk7spAP0
1042;1;Diana_Hegmann24;QRny3vSFjJUryg8
1043;1;Brody.Grady;WuCOUdNarsy8sQc
1044;2;Tevin_Cummerata47;o4lsJdT2HkkaGM6
1045;3;Wava_Ziemann;2KFuFP_0ZJdMjHA
1046;2;Jesse59;UQVWoY59pj5IJwt
1047;1;Fred36;2j281Z5GL9hTMQp
1048;3;Rosetta.Hessel97;mKjJ1mUKtWBXg5o
1049;1;Eleanore77;4XRkL_KF1WrTj4X
1050;1;Destany_Gusikowski10;tt4iaNeDYLvb1OR
1051;2;Shyanne99;xaC2oIkLfGsDADY
1052;1;Kristian_Schumm;tX1lNVBJKLQyimE
1053;2;Hipolito24;j_nTQkzg_5TLYs8
1054;1;Abigail81;88owKfW07fSM9w5
1055;2;Marques_Hermann86;OIlv7XtbNAAPKUL
1056;3;Ricardo_Nicolas;ESSR7qKZtHeV5As
1057;3;Pedro21;vaSIZmi1UmAag5r
1058;3;Wilmer28;mXNV8auHuluFcKp
1059;2;Dora30;C96dx2cyfbW4vV4
1060;3;Andres_Schaden80;2Lpdh1kOJ3XwY9q
1061;2;Vaughn.Maggio13;_16E8_HjOSkZKAW
1062;1;Queen.Doyle50;zp9tzVXrdwU4332
1063;1;Cecelia10;qlxihrgJe_IAMhT
1064;3;Suzanne36;OXMK2UNoqTYPSJq
1065;1;Assunta50;WQvZb7HVMYzIuEM
1066;1;Misty.Gerhold99;YkJDZcP3mP1G6NI
1067;1;Ubaldo_Monahan81;1Zr7cb3jU7LEDfH
1068;1;Magdalen24;e653ue34gxvqIBN
1069;1;Fabiola43;4a393qdroJ9wfD3
1070;2;Kaya_Ortiz76;_QiH6rejjnL3X5a
1071;1;Juana.Rosenbaum;p6EHYyLFIbAjYxT
1072;3;Kristina31;yGPYh6qHitgVBaP
1073;2;Ophelia_Terry;SsouPiMcowSJDzP
1074;2;Audrey.Abshire;FUqsHj21UvuBo1D
1075;3;Mariela_Shields1;wRE0FsufEHFOmpl
1076;2;Nathanial.Nikolaus88;h3M4QyzEqxre9CD
1077;1;Jovanny.OKeefe66;pmWhkkXZsFH5PTA
1078;1;Tiffany.Abshire;PQg56fVOcUJS87q
1079;3;Crawford.Huel48;qD1eSF8rF6vb8MY
1080;3;Buster.Lubowitz8;NLc6QO2MNSH9kU8
1081;1;Susie_Ondricka;DXWViyUR23jfemZ
1082;3;Lorenz65;Z8vtpdhHKKTUo6p
1083;2;Kamren.Gusikowski;ri96jLxxfcZiQbU
1084;1;Violet.Lowe33;Hx3vhCObSF7n3ef
1085;3;Genesis_Kohler-Grimes9;rf5oOT6534xRlMU
1086;3;Dena.Paucek5;0oJ4hCzilGuN5CA
1087;1;Nova.OKeefe;PTelKRJCLUp12K_
1088;1;Taya34;C_vcX5COxoTN23c
1089;1;Jefferey.Cronin;do8rn9tGg5zRDVi
1090;1;Hattie_Boehm97;AlrjSLEbifo98I9
1091;1;Mandy5;1WOc7s92EDpv9wV
1092;3;Lydia_Kautzer14;UGEE_zeYnxCON1A
1093;2;Sydney81;cSubybS0tHjqXbV
1094;3;Keely_Harber32;GRXJkvQM0Jo1uEi
1095;1;Delia11;Xg7NzzS4F9LzLHX
1096;3;Naomie_Cole0;2z0QP37tKyku9K0
1097;3;Angie_Jacobs;oulID_lBtHAMv7o
1098;2;Michale.Monahan14;UGTxpxqHBOvOslv
1099;2;Reymundo_Frami44;6_G9wBUOa9v4VkC
1100;2;Tracey_Thiel80;aJjKyPYfKzyzGmI
1101;2;Herbert52;zBFA2Zr4GXSqo32
1102;3;Nicholas_Rau;r2D2ywbfZnEMXjC
1103;1;Samson.Schowalter;avyFOx0uaKS8tiJ
1104;3;Kallie.Brekke30;l7YOIbQ2VCOsnvU
1105;3;Sylvester.Deckow;mnnlHK2R2BW9O6J
1106;2;Elnora_Hills;mrCF8TK0iDuTnLR
1107;1;Justyn65;STcZqtIvFdtSpiC
1108;3;Kavon58;hcyNL5pnrzYNmSF
1109;2;Kaylin.Zieme59;vI0RE0kOAF7hqrB
1110;2;Jannie21;88WHKUADi9xCUFy
1111;3;Oral_Nitzsche5;dvFEYIkBPvdxJFq
1112;3;Kylie_Monahan;29AvDdvsnrjnDvb
1113;1;Sabrina.Upton85;ojaFKV_ejzqq9HF
1114;2;Anderson_Smitham;_rTbXaCPKF5cv7X
1115;2;Jacynthe61;IXal2JK6rEBYE8V
1116;3;Godfrey_Abbott;yXar91Vb5SVdxiI
1117;3;Fanny_McDermott29;P6Q9uP2g38JBFwP
1118;2;Enola_Tromp;1PMZNyzexHyjqZK
1119;1;Creola_Fay;lmRZPPGSthmj6iX
1120;2;Erick.Herman;8nQW5jVzL3dos3m
1121;1;Maybell_Pagac;1P9xlFeaxwjNcfm
1122;1;Bart_Hansen33;N1cQ20euHqHIp_0
1123;1;Yoshiko_Paucek36;IW7WwZQd9WygM8m
1124;1;Keith.Dickinson-Bins;qBOnwHjJ4h3iiPC
1125;3;Vesta_Kovacek89;sAW8jeBjew24M8M
1126;2;Shaylee63;cBn0s1D5ERjd9H6
1127;1;Buddy.Boehm69;RfXnVcv3o5f_zHR
1128;3;Maurice70;dxIOcrAC8luTOLv
1129;2;Vanessa_Schultz;g47RB4TcTVvVlK8
1130;3;Jaida.Ferry26;pNcbkI2fEbGzuAC
1131;2;Jocelyn3;snHHlaGWGLes7zd
1132;2;Katharina.Lind;Z6KL1iubodL9ZpJ
1133;3;Augustus17;qJPjkDBNTgLEox5
1134;1;Bernadette.Murazik9;NIRwMyyO1UqllSx
1135;1;Edward41;CDauhPPoUDT6aXp
1136;2;Gia_Auer;E35bpCyWWWEZ_YZ
1137;3;Hyman.Koss;5BScGnV5MmtULC9
1138;1;Elsie_Rolfson41;Yk2NN_o0_C2yBGp
1139;3;Jeremy81;yLzWnq2N0zomaRx
1140;3;Justus.Russel54;UvGYiQ2jnKpYKx0
1141;2;Muhammad73;s87veryhOntXeCQ
1142;3;Vivianne.Conroy31;MP0QDRjILMBtUdC
1143;2;Helen.Treutel;vrl8KUwT4jjttAH
1144;2;Bertha.Trantow34;Wa9NTknuaO1BdeC
1145;2;Eusebio_Murazik;Ug8hSmeB7WiOOre
1146;1;Elnora_Armstrong70;oIe09r0LWWde8Nh
1147;1;Graciela_Kilback;7OBTd2A28wy8Rnb
1148;2;Angie.Mueller98;7CkD7DUj3CC3mpa
1149;2;Teresa.Hagenes-Bins13;DDm52Yp6ZtsIHY3
1150;2;Vicente_Wunsch7;zbVJ2lAr5tOpImG
1151;2;Bell72;A_yecVmlOKonFq7
1152;3;Elta.Schamberger;v2u6eQGVvCunPkY
1153;1;Kaylee_Bergnaum;ZAFLHe4evTwkYAz
1154;3;Esteban.Trantow;Nb0qTReoc5bPrc9
1155;3;Claudia41;CfBrZ_c2XFOtMM6
1156;1;Josie_Pfannerstill-Roob;iGUyE2HA_jSNtNH
1157;3;Christelle_Jakubowski58;9U8xMPtX0sluS0M
1158;2;Hallie96;iytkO7bWAa2BP2d
1159;2;Maximilian57;hNqRsUo5qgTOkhi
1160;1;Gunnar72;x_AsqXMchWpqFcx
1161;2;Davin52;5hQ1MLq4vOVkR3Q
1162;2;Leonard.Kunze97;0PZZTSZ2SExoIxO
1163;3;Omer.Mueller;GzwuE9Ej_gK5LAl
1164;2;Marilie.Toy36;CtQkGmFaId6F3gt
1165;2;Jalon.McGlynn81;P771yu0AC8Vuds8
1166;3;Gia94;WuE3Rt501E8Exvb
1167;3;Myriam_Dare66;DcmsnLoCrmz0ucE
1168;1;Quinton96;5Ljxn1zj5bM65hR
1169;1;Kyleigh36;tcA9VOq89v3s5hk
1170;1;Rhea12;JATtmpkw2FumJhT
1171;1;Eric.Gorczany;RHeku4uMQGpJRxY
1172;3;Ardella38;9Sfio2yu2MPv7Xa
1173;2;Letha98;8UvB8Bufu7yikoS
1174;3;Turner63;iK9VSJ8EZjxmdZ5
1175;1;Bailey_Reynolds;4iTiTxVQaMLIXxv
1176;1;Janessa71;CHTyz78gqtiqYhc
1177;3;Palma_McDermott;i6__KDOCpjectTk
1178;1;Saul_Kulas92;GE9ZLy6yWtb2pIl
1179;1;Deonte_Schoen;3EPqJyYLrNDnblG
1180;1;Ottis_Buckridge;nwcD2_ApzgdSW3K
1181;1;Name.Friesen-Dickens61;648BgU6Sw45GanC
1182;1;Peggie.Reinger90;Y8Q0_W0Ymbd_qyX
1183;1;Jazlyn.Blick2;6wBDtj5q5uK09bs
1184;3;Halie49;_NOkK80cLCQnrt5
1185;1;Ralph.Rohan40;VyyQVHVuxnJmEnR
1186;1;Elenora_Stehr71;9XBjd1CiCM6MWeg
1187;2;Janiya19;_LnCiOVtTuvbzBK
1188;3;Roxanne_Glover;MjMxZ67R5ENr6Pn
1189;2;Jevon.Larkin89;XTqH2Qfgj_tmr5L
1190;1;Marcelo.Padberg;TICMAuBrGHrS1F9
1191;1;Rocky.Casper;UycrNf2sI_2UP94
1192;3;Eugene29;5_gbbp2S61paZjl
1193;1;Angie_Schimmel;wLHBx7omas5gb8c
1194;1;Francis92;eGYGBkbmMX_Elb4
1195;2;Helena.Hintz58;kzpEOdIzG_IwsUi
1196;1;Else_Haley76;g5kPHwXOHQEzmjb
1197;1;Wilmer40;6TFgr1I2qrkvqCr
1198;3;Maye.Pfannerstill;PgoXmIzJGiyFdVQ
1199;3;Giovanny_Gorczany;7m9jrze2AgyozXr
1200;1;Eliza_Schmeler32;dRM0HL69CY8ZZux
1201;1;Brando0;KUB_labWaPL89uH
1202;2;Nedra_Williamson;HyA4F2rkHodaAFS
1203;1;Jared.Murphy;nEST9BXeMJ1v2db
1204;1;Kris23;feN_INO_G_9kqRy
1205;1;Fausto.Walsh78;ratLhD0MTgYjo_S
1206;1;Candelario_Doyle17;6UP9Eq2WQTjXjHo
1207;3;Kian12;EN5qXLaUI8b16dK
1208;2;Keeley_Reynolds;FKDgnrz35axJyVN
1209;3;Augustine.Schulist;Rf4Iia46rpMjReG
1210;3;Durward_Jacobs;QMu6clbcJTFhkYN
1211;2;Marilie.Larson-Rice;TETbiLdWSzESNgZ
1212;3;Judy.Moen34;RZM3_oJ17Qn4xCy
1213;1;Donna72;InVSrhs5mAsG8Xe
1214;2;Norbert.Waters22;HxiCLKunwdz_6rm
1215;2;Judson5;10TwPBQ9kaZGOOi
1216;1;Tristian.Mraz11;EKb70f5a_K5vcEX
1217;1;Kali.Jaskolski;lOxizKrBeV_Dgly
1218;2;Leilani85;7qwKP2Q6DzLKe1X
1219;3;Britney.Morar;PDF40C_CbsXhEo7
1220;1;Rosalind13;mRFbMmHzVk_RhiF
1221;3;Reymundo_Nikolaus67;JXnyABRajFKS_sj
1222;2;Neha54;5AUMx78N5Ttt5mI
1223;2;Kali.Haley4;SvFxuCe7OC7FnBe
1224;3;Jorge.Nolan;7uh_JkPm6N3lum3
1225;2;Patrick.Greenfelder91;wCqbIDSg2KPwD0W
1226;2;River44;tZzn2QrZsyPFQwq
1227;2;Germaine_Hagenes-Denesik;w20YmnT7JSbieWR
1228;1;Vernice.Durgan;efbxLZPTEArJn9I
1229;3;Malika_Rodriguez;gPxx8aKckODLRBU
1230;1;Asha_Carroll;0QTds2QPv3azFtc
1231;3;Dejah80;kDAw90wOVDRnIsk
1232;3;Jedidiah22;_cLuwH9H4sPUFjX
1233;2;Izaiah4;2bUZnrMK83CMeTH
1234;1;Adriel.Koepp;8rQWFNzDEt_aJbZ
1235;1;Kylie11;Nqle2bSl9Iu6dVN
1236;3;Courtney_Fay22;dWWKR45mE_RGB7k
1237;1;Matilde11;ZNzfAJhOX99Cfpr
1238;2;Terrill93;CtfSmWVJntRr7B9
1239;2;Seamus_Hand;g7X8nz1f1BASF4p
1240;2;Bernice37;xRqzmnRFszdJIvq
1241;1;Hershel.McKenzie-Anderson;a7IcOxIGS9fDItd
1242;2;Sedrick4;mpNPKg7rx4luXjh
1243;2;Leola.Gislason;RnQvcLXOaR8d9fZ
1244;3;Pat_Sipes;LOVj6lxLTJ1CIA4
1245;1;Erik_Farrell;huo3hgbqxXRbb7S
1246;1;Viviane.Price20;kvNRDrxEjbDH_Kg
1247;2;Chris7;1rXrmrWngUyq48b
1248;3;Dangelo_Kuphal;h0kKfhY_axqOKdm
1249;3;Nicola92;7g2d6Sz_Lunvl0L
1250;1;Shyanne51;tppm55f30kmsgMK
1251;2;Sheldon_Paucek43;AmOszXbGT7hQVkO
1252;1;Elyssa8;fVm7lFilQv9ynBh
1253;1;Carmelo_Beahan88;jC9hOgcZ2wnoBgn
1254;1;Cruz.Kassulke95;euaD4LTgNkUke7i
1255;2;Eleanora_Oberbrunner;xD3VO_5bG4vH1Ew
1256;3;Adriana.Cummerata;dPtwkVHEKtyoSTc
1257;3;Murphy_Sporer97;u_05O9LrT6QEp_v
1258;1;Shanel_Jast32;3aTi1Scpr2eQk8_
1259;2;Ericka21;erqnN3EI6WiLFaq
1260;2;Alexandro_Mueller;f_DFRwLUlJa0nEX
1261;3;Gerardo.Miller21;0_ix84t1jRFS_Y5
1262;3;Patricia46;_ToGNAbMtmxWFbF
1263;1;Alan_Bogan40;HTzpkfrvmw6EBn3
1264;2;Chanel_Lindgren36;TetLmp23iodu7tL
1265;2;Salvatore4;RXh_YyH2b3hfgSo
1266;3;Ellsworth.Parker-Jaskolski;TAswW24e_yaXwu7
1267;2;Audie_MacGyver55;wVENyp12NuFXBPY
1268;2;Kali11;5o13QZBD3Vbp4Gx
1269;3;Fernando_McLaughlin-Gorczany;AD3CnfCClpvxavC
1270;3;Brain_Friesen84;gySjbSWxqHKusfw
1271;2;Olen_Abernathy97;ZV2QK1b1kcXbLJd
1272;3;Greg.Gleichner29;ZOPfqQegucOCx62
1273;1;Linda.Rowe;zCqhqC10GKJLuwR
1274;3;Cedrick87;pfyKtFI62t0FJ7q
1275;3;Aliyah9;gWBuVkRH12YLppe
1276;1;Marco36;luQs3iVLYFIg_cW
1277;1;Bradley_Padberg;Hj_0K70YJI3oNSt
1278;1;Aliya_Stehr;b6ylnSZMZA9WeZP
1279;1;Alberta_Sawayn;krfl_NLMl3qNo0U
1280;2;Houston_Friesen;BiSDeVq__k3mnyW
1281;1;Everardo.Fisher;miZpv_lOKzGkaHQ
1282;1;Ervin.Nolan;iLiTI6Up7zs720F
1283;2;Tatum.Rippin45;d4JqAgeL9SyFBAV
1284;2;Christophe_Runte;2yB9Z7cjm1tE31t
1285;1;Theresa.Huel;tnJNkQ98hnrsYFY
1286;2;Raphael1;loT9aF5v0f_4Edv
1287;1;Colby72;lNglNXpS2YhTHk2
1288;2;Gerald.McDermott;k9yoqpoo8wSLj9B
1289;3;Domingo_Lockman;l59JSyUJUWVK_aI
1290;1;Olga_Greenfelder18;H3dnEdbeKm_6pe8
1291;1;Guido64;LXE5InzpIc87azw
1292;2;Fabiola57;aI_XFl7aezkT8uK
1293;2;Alford_Nicolas;wRM9KZXda50dIwL
1294;1;Crawford75;i3oGj3FFriNwEaM
1295;3;Crystal72;tbv6T8DOmMGXfGK
1296;3;Antwan.Hackett;sImQrMWfr23Vwdq
1297;3;Creola.Kub-Roberts;s5iAHcWAcaMFfir
1298;2;Beatrice_Gibson68;MRE7cYgrx7JPVCg
1299;3;Ruben_Ernser13;721A2BMaQ6s7DxO
1300;1;Myah_Hahn93;_7ToxigvZsPbSqe
1301;3;Luther_OReilly;lmxjfunvXcYKMzh
1302;1;Elva9;tzSV93tnElW1Idj
1303;1;Clifton83;VGgxChe9vyB0yyI
1304;2;Aryanna_Flatley;j67cyOMqh6t05Wl
1305;2;Ethan75;f5AdxhPWq8xQCzq
1306;3;Vernice5;ZJ_yUgyc258fPc0
1307;3;Consuelo49;DWfQcy4QRxjdl32
1308;3;Garfield_Bogisich78;LjCCku7PDWdjoWi
1309;3;Jaylan_Bauch-Ankunding;LB4B3tHLsW6jbii
1310;3;Chesley.Mills11;2A6e__F5kNmDGgC
1311;1;Emily_Kuhic86;JIALMj1Ma4POsDG
1312;2;Jeanne34;zGO42G03EyPQyGC
1313;1;Thelma_Bogan38;FwIcLopCcU0dEth
1314;3;Grayson_Lebsack;TDfTUUHuAmr9mlt
1315;2;Theodore_Powlowski;m6PeaFDsE6zHZLX
1316;2;Pasquale66;_8_LaVIG9iAGZqB
1317;3;Terrence.Heathcote;PJXRB4VW4MvH6Jp
1318;1;Kathleen73;NewrSze9y5LlRXE
1319;3;Karianne61;YoKhBkT42yHu4T2
1320;1;Bennett39;dFXgzFea45bM1FR
1321;2;Santina_Koelpin;QIEk51xcWerm4F5
1322;2;Zoila.Pagac;SLKEPcGDZs1_Cz7
1323;2;Lilla_Weissnat;nzD45B5NBiovAOW
1324;2;Estell60;KpXlNpps7P0vYd2
1325;3;Alvera.Macejkovic;oieuOFHxDRTjn92
1326;3;Tanya_Collier;FYrc00L0Ay57M99
1327;2;Reece_Koss;nJMvFcmqZegNuUU
1328;2;Rosalind_Harvey;DaM5q45r1ISrheJ
1329;1;Patricia.Legros9;HGbZvp1W5Cp4p1q
1330;1;Geo_Cartwright;m_FKIN584M9Kwp9
1331;1;Vallie.Hirthe;DaWrDpiLQVyzAh2
1332;1;Marianna_Goodwin;atgJSS3yAXVsKsW
1333;1;Yadira88;vORmQA88caeBAvX
1334;1;Anais.Tromp95;nvYAOfkeyTcwXJL
1335;1;Julianne16;RcMQHxo6SRA2JiY
1336;2;Emmanuelle.Ferry16;mKbJ7B2N7ylHymg
1337;2;Louisa.Blick33;Vzm8CEYctKO1Rtt
1338;2;Aiyana36;gL8D3WzSBhA0pWn
1339;2;Josefa_Gibson;3I0DW__V6fBriQe
1340;1;Nyasia_Okuneva31;7fPOZTe8ETG62kH
1341;2;Glenna47;Whj44ulOZXZdMVD
1342;2;Lambert.Ledner;9tTeDWM6meFX1uS
1343;3;Tyshawn87;uaCiMmVooSew0ha
1344;3;Pamela17;fE3G01Py_7ZgkP0
1345;2;Bo.Cartwright49;LK7hb2Ck1XQSVec
1346;3;Connor93;i98laKpzEk_OdA3
1347;1;Alessia85;Yog2eZsRe9wsn0y
1348;1;Randal.Veum;OFQRt3M44giRsMg
1349;3;Saul_Will;7V03k00Y0vV9ShM
1350;1;Johathan94;FcOv0Kzmp37Y6gD
1351;2;Carey_Luettgen59;H4WXpU3tBkwCD9v
1352;3;Orpha27;ekZiBqObt6DD0SN
1353;3;Clare.Mayer;cQDUMgk593XYpPM
1354;2;Jeanie93;D9lrXd97Fgr6NIM
1355;2;Martine.Hahn;8TXeTAbY84MEHig
1356;1;Genoveva.Rath;dp0oj2SQzSMPpl1
1357;2;Brionna_Blanda50;3qkzNa3SACXFi4Q
1358;3;Norwood92;XJtyzP8KUOeFTbI
1359;3;Bennie89;G2NFLJytHvqNoom
1360;2;Nora51;sGkEwfIASk5aCOo
1361;3;Arno.Kunde;JKKWqbIusLT_BtF
1362;1;Shannon.Runolfsson;fkqYHhYXM2PizAo
1363;1;Hoyt_Kerluke;vBpJYxQJAJ9aIJI
1364;1;Reagan.Wintheiser12;Wugyjy2MYbksANz
1365;2;Llewellyn21;GdBjCBwQfbTORb1
1366;2;Opal21;AMPoXzFg4JtmwSA
1367;2;Addie32;Njh5KkvYfDsMcyP
1368;3;Collin.Jenkins33;vbHuSIfFuCNGab5
1369;1;Norma.Huels79;bhe36Fb8HE28iAB
1370;3;Kamille.Hyatt;0k6tppIvdWRNHNX
1371;1;Yasmin_Schoen87;S8yhRR9WvoabgA9
1372;1;Sammie.Aufderhar44;v_IuiWLkOYLOBL0
1373;1;Macie.Kerluke;2CiNFjkQTQick0T
1374;2;Sidney_Schneider94;YRrFg5TU26e1bmw
1375;3;Alexys16;WHfjtLqyDIxbtRo
1376;3;Silas.Mueller73;IFm5ohuKx16WK7N
1377;1;Nelda.Roob;7XwrudNWO417mST
1378;1;Marcelle_Hagenes;GJyJiDyZDaBaZOw
1379;3;Watson.Brakus4;HixrWma2nsAWns8
1380;2;Tatum_Boehm;j0jZ2KbG5_JpY4j
1381;2;Mireya.MacGyver0;R_Qkg930DuLzul_
1382;2;Duane47;x49mHNMYcCoOF_x
1383;3;Santina.Hintz98;Ps8inIkODN0Td07
1384;2;Lonzo.Considine;257_ZJZjSlOUl_M
1385;3;Joannie35;gUWrhFK2EKerlYq
1386;3;Thea.Abernathy70;bi_FugJ50ZF53Bm
1387;3;Thelma_Wehner65;pFTFnlmOxLFxWiq
1388;2;Piper.Lakin;IrqfMkxnG6oHpe9
1389;3;Wilfred_Gottlieb21;VAHSPD5cwZtT7Un
1390;2;Novella67;mY0xlT2sN9_xAiy
1391;2;Jocelyn78;qEQmA0D2en1C1T6
1392;3;Darrin_Schmidt17;ACjGth_J1wSyCoe
1393;2;Greg_Bins52;FkwfpW8TWdEK8fU
1394;1;Amina14;_qDrk9p5YlPnB_k
1395;2;Sedrick.Waters-Treutel;JR0nsOT4JyzqR2U
1396;1;Shanie.Collins44;ME8gW1YKEY4CXUy
1397;2;Esta.Mitchell88;79RNItLBYzi47fP
1398;1;Presley.Schmeler;rCWYxxwEV7G04Jp
1399;3;Adelbert70;md103_joRmH9erG
1400;3;Sallie_Hermann62;_2C5jSYRqgae2pl
1401;1;Katarina.Denesik30;HOxeCoz80k3s4uN
1402;1;Jaiden30;KQsnwHMRqSVqhxW
1403;1;Bessie_OConner41;JVpF2mHnaV1A5Wg
1404;2;Delfina.Marvin;gPbi5xuwl_ZtOms
1405;2;Nigel_Corkery97;swUA1Hvl9KTb3j9
1406;1;Amalia86;7t1HwwyUuN2gDm3
1407;2;Larry_Koepp;CfQso1W81KHpSYi
1408;2;Brook_Ritchie;AlUo42WkwMyKIRH
1409;2;Claire.Schinner;OzsMdVW5UZLWN3K
1410;1;Kip_Towne;_4dW6MbkmGhoO1X
1411;1;Lonny_Jast;4JtM5aeGXl5CJsT
1412;3;Emery_Haag;7IfEShHUo_NBgxu
1413;3;Pierce_Hegmann65;ErKl3vL4DpZREfp
1414;1;Carmelo_Carroll;HS8dfqUw4NOBeHf
1415;3;Gerson.Cronin;euTffVrb0v0ovbi
1416;1;Monica.McDermott12;51iu7VPbTQ4eF9J
1417;1;Cortney.Connelly-Cronin;QIRW84dZrYeibqb
1418;1;Kurtis93;myiO3O8DrxS4pNg
1419;2;Rudy_Sporer57;TtxyG2aTVefWMXS
1420;1;Sharon0;g682kLlEdBHCWFe
1421;3;Hilma92;PDorGwkUyV3V4sg
1422;3;Saige.Kemmer67;TLoPwy1nMXwNAGA
1423;3;Americo20;Of0i5iVLFLxzzEh
1424;3;Ernest.Mosciski;jA7ehDbw0cidL4L
1425;3;Mohammad_Fahey;N6tBNIfXxbCpq48
1426;3;Therese_Kutch;h7sJ03WPanlZi_r
1427;3;Milo.Weimann61;DG6vDCnOY6bAtMx
1428;2;Leon69;m9MiqDpAAhFvJyp
1429;3;Aliyah.Stehr;Q9Kn5euyJ04JesF
1430;3;Elenor64;AX_docJo8bqdWBa
1431;3;Else.Huel;93fGja5HWkiI1TW
1432;2;Burdette_Labadie;Bq3163y7cVDDO1E
1433;1;Tamara6;nIRowrcyT19LEyw
1434;2;Adelia22;sXEol60a2r1XXaV
1435;3;Raheem81;i1YmnRWDUSOvF2L
1436;1;Lolita.Cole22;jlNbVZArchlavHD
1437;1;Ana3;1bM9QB5yYUfqVes
1438;2;Merritt_Shields19;hW9h4ve65r2We8t
1439;1;Gust29;bTCESPWSQ_LU0Hu
1440;2;Matilde49;mYshW9b_T1D1m52
1441;3;Kenyatta_Schroeder;0je7spdNPnDwGvT
1442;2;Fleta10;cG5gjQQrs5jDTIe
1443;1;Yvonne.Farrell;I7q_je2N82ZdOI9
1444;2;Karina85;FkpUivZynam4198
1445;1;Jadyn.Brakus;b4tuoIfQxFqiLxG
1446;3;Viviane90;eyul9U2yyYIg6wo
1447;1;Joaquin_Weissnat70;pKzcfGS80vDBIIl
1448;2;Otho36;dLLkHQG9MZBSIeo
1449;1;Penelope41;FYIn8HPXUcjzZ_Y
1450;1;Louvenia.MacGyver;MbFf0rS3dsTTZ9X
1451;2;Francesco_Kutch;h2cg8LXs5qTuUP2
1452;1;Aaliyah.Grant;CkDF8o8VEfUgigV
1453;3;Josephine93;BMO_qZ0wg0bUa33
1454;3;Gaetano.Crist-Howell;scjS4kzJYtDsWEh
1455;2;Vivianne.Doyle65;aTO5FdFhaZRUW1H
1456;2;Cole73;C1tg3fou7HF6EOH
1457;2;Colby37;moK6hWkGGZcl6e9
1458;3;Eda_Price-Schmitt56;8PwLRBbEWwVzYr5
1459;1;Rodrigo.Miller;tc1KT_UbfcsuFiK
1460;1;Arch22;7IZVPx2lOOLxAj3
1461;3;Zelda_Medhurst28;nG2RAV3O4VDnexu
1462;1;Isidro73;19cq5MibLWUn2er
1463;2;Cristina8;9w_5jIOi6eIJ42E
1464;2;Heloise_Botsford51;0aT7Jj4x2smZWhS
1465;2;Monroe_Bartell33;379FW0dp8Fpb_HY
1466;3;Roslyn54;bwnU_fnVDgwfTsx
1467;3;Natalia.Brakus;x0HN1OZkXQHhq44
1468;3;Cathrine_Moen;bjPb1WMgVTwD1kO
1469;3;Fae_Wyman88;6NcsjRUgGMYM8xZ
1470;2;Melba.Raynor81;yZOLxiC13tPoCzi
1471;1;Werner.Wehner;2YwaD06KCHR4J7r
1472;2;Ewell.Spinka66;ZS2lQWOCMzw0HUV
1473;1;Ray46;l3rinwze1zHbqC2
1474;1;Ruthie_Wilderman-Fadel;N485wJE0cOOIKTt
1475;1;Toni15;xFrKTfX86h6W_3D
1476;3;Makenzie64;jYU5OzuFHEBpIZx
1477;3;Carlo.DAmore35;TeXKeai2ZGntC6f
1478;2;Nannie_Balistreri13;jHEvw2HbZFLnP3I
1479;2;Pietro_Weissnat;MGlZaybXI1s2adl
1480;1;Alford.Wyman9;IPgSr4ZE4blNXiz
1481;3;Frida.Price;1bm6MQrQSQ8gkI3
1482;2;Cecile_Johnston;f6pvz9pJykcN94R
1483;1;Assunta21;gMQVvVcx7FmqkIu
1484;3;Meda_Kemmer-Haag;LC6Go7P44GKw7B9
1485;3;Jeramie_Orn;7B9D_b39Eo9Xc39
1486;3;Arely77;DBt7KNSSbZLun_P
1487;3;Keanu_Murphy;1Z3kBQxJutF2C6Q
1488;3;Vivien.Ryan;wkB539ieFiSGZWT
1489;2;Webster_Moen81;K_YSa8yPc43_if8
1490;2;Tremaine.Kunde25;kQqchI6_6A07u9X
1491;3;Rosemary_Zemlak63;4H4RcStMyTZ4q5R
1492;3;Richard67;OUpbAG9GdijipVr
1493;3;Francesca51;TuMIUPbswQ1H5p9
1494;1;Tevin73;842DgX_7Tx65Bp3
1495;3;Eldora9;uPfugAcKWSzrO1r
1496;3;Mateo42;JqJA3aT2OrEEsPs
1497;2;Icie.Beer;lS7wrXPmxB07A7r
1498;3;Athena97;3pvsxVVd0FVLZKD
1499;1;Marian_Schulist17;0BdsartGUTRfF1r
1500;2;Noemie.Moen43;qTYOtPEBl5aMu4A
1501;2;Tiara67;QtQoGIkVQbYfbaG
1502;2;Daisy.Wyman;H6OZ5FRGzihpo17
1503;2;Heather.Shanahan;diAMXQh5O9_HNUX
1504;1;Monica36;9EBsN33qPvwWf0Y
1505;2;Verner.Ziemann;6HPHWxcThby5cFQ
1506;1;Ashly_Crist93;7U0NrEgka_z_EDB
1507;2;Keith_Blanda;4l1RY66gmNtfobf
1508;1;Eusebio_Dickens-Ritchie;K4O9_lEMtJJPZLG
1509;2;Kraig_Hartmann;AHiPnvIL36PEl4f
1510;2;Aliyah.Bergnaum49;Au1pnOWe1xSFb1_
1511;3;Anastasia.Marquardt;Nf7TGxVCy0LG71f
1512;2;Arne.Ebert;Tp9GZPG5NMMgLHk
1513;2;Omari1;Uy1nVgCcgyIJWiW
1514;1;Audie67;6zZiYnfysFwgclS
1515;2;Rod.Hackett;BdgZVic8XeI9uIr
1516;2;Jayde.Keeling;j2MCKutTfMigv1k
1517;3;Francisca_Hirthe;gSEdSeUSPRuwj9O
1518;2;Lexi27;Hkno7jTJ3BNfi3G
1519;2;Quinton59;QyLXrCWdDbchTGq
1520;3;Francesco_Morissette41;TLEB3DbzHCIp_T5
1521;1;Lora63;ngyVYlGOsKHMgmX
1522;1;Delfina.Brown56;a6lg7mfceqgx4Wk
1523;1;Madeline48;Lac86WgcNqC4TON
1524;3;Vella.Schaefer86;2ih2zaa6HSZmnQP
1525;2;Julie35;WJloAB23I3eIfQd
1526;3;Dagmar40;36iTPVe0QUx3KkS
1527;3;Lucious_Franecki;ZFxSEEemotpUSqe
1528;1;Maryam71;fYdm0a_NtCGWRyx
1529;2;Hilda.Prohaska;C3sevoGpOe6yg78
1530;1;Mittie.Goldner31;BuA56CYmsvbT9se
1531;1;Rhea0;7dX4mTKkGBwfPvs
1532;3;Johan.Mohr;BltgapmZkH6jM3g
1533;2;Arch_Harvey-Towne;V_wPXruE_8Fv4LP
1534;3;Enrique.Friesen32;hwNNOSJajVjizTw
1535;2;Joaquin52;McthS3TIuGSJ9UK
1536;2;Effie.Brekke;99SULT1y8wKtWl8
1537;3;Lempi57;KiiEGTIHqKgZWLp
1538;1;Sophie_Hoeger;1elaOtRUq3AqPTH
1539;2;Lorena67;oDq59rekUkZEVVB
1540;3;Orion62;K8us5Vs7rrdNAa9
1541;3;Meghan.Tillman26;jwkAiPDd8K1xSo8
1542;1;Horacio_Labadie7;83hW8xSltSMG8BQ
1543;2;Amelie3;XKtfzOTKuU1vCZV
1544;1;Leonel.Armstrong-Hoppe;WkaYL1CizUtS3pG
1545;2;Isaiah_Smitham;FOzavxEXkpNRt7t
1546;3;Derick_Kohler;Pn_N73rAJ6CaGtS
1547;2;Maxine_Kuphal;ApfZz3jO8HyxiRH
1548;1;Jeanne9;84I2Og83WyqPHAs
1549;1;Pierre_Dibbert23;x2AvgsWdlJTaWtb
1550;1;Malcolm.Crona11;e60gJp1KXTL_gUg
1551;2;Kody.Klocko;dHHhUfbTsCCDLHS
1552;1;Stanton.Auer81;IFHpELiAtMUsiMl
1553;1;Dave33;4FqIgEXPpsccudT
1554;3;Verna72;IEyPThHbt3AbwIV
1555;3;Mackenzie.Mante5;ZDbFCZrrhQX4Imo
1556;2;Khalid26;kJM8RRsfb4IM7xV
1557;2;Enoch71;UIbOt3ZDNE7ag7Y
1558;1;Andres_Rohan40;UMspazm2u2TSPU8
1559;3;Gerardo.Stokes90;dMJEFqU2B9SObPa
1560;2;Tyra.Hodkiewicz;Xs7CTT1wWp3BRqq
1561;2;Geovanny_Kreiger-Rowe;qrl4bqjJMofOerl
1562;1;Annabel.Cruickshank45;ikOJTqKTDHES6Te
1563;2;Rosie36;SGIVQdEPDEGGFbY
1564;2;Lesley.Greenholt;XGCYLDVTMCUaN5M
1565;3;Blaise.Wiegand80;vWuvZ43M8daqqwf
1566;2;Arvid17;jPELRbqx_Rg2qWO
1567;3;Constantin57;RzvxAHpgd7qCv0_
1568;1;Lucius.Pagac79;LtvOfu_rNtEMHOx
1569;2;Mallie_Bednar;M4kVvhS20Pw_eXm
1570;2;Maxine6;qaYrX6z5YddQoir
1571;3;Adele61;jxDAtAIN3bLGCkx
1572;2;Bianka20;yLd5CMnsMWgLxnm
1573;2;Juana18;E95GIR7kOSq0zaL
1574;2;Deanna.Ziemann;TMjx2asWwqi_6q_
1575;3;Maria_Steuber87;jUFLuQ0lo5KjEbN
1576;1;Laurine.Harvey35;qX_lqEra9i_NJz_
1577;2;Eusebio63;xw3_nfej_FmDl6e
1578;1;Josiane_Conn1;FkiJeTyIh0zJ8pU
1579;3;Rosella35;VeJs2LRGmgQTs2f
1580;2;Sophie_Armstrong52;o5qO5WYCwb8qkjF
1581;1;Nickolas_McClure;XuVPoqPZB13g_j4
1582;1;Garnet_McLaughlin85;Kd2M6_JA4BMdum5
1583;3;Chanel_Steuber61;0yRgX2usM0JyTvx
1584;1;Kyla4;m67eCbVgLZrMACJ
1585;3;Kristopher46;sDC8RQ3InNmIqIp
1586;1;Estella30;v9kcodnLk_XU2jd
1587;3;Haskell.Moore;1T0jrdws8F1Qg2S
1588;2;Lawson_Abshire54;0vITHLrrRMc_9zL
1589;2;Jorge_Kautzer;rsfYUF7gu2abYK4
1590;1;Laney_Hermann5;366ShNFDmei_k82
1591;2;Viviane.Osinski;7bWooiteM4Akkux
1592;1;Vivian3;z0eCdpXA88nf9CK
1593;2;Bernard.Stracke49;J_BMHcYUzlr4Fik
1594;1;Wayne_Spinka62;W57BEM2IE8n1uXB
1595;2;Robbie.Wyman;XLgMmIBDUNmV3Hi
1596;2;Rosendo.Mertz98;EnCP9TzVXrZr6wY
1597;1;Parker.Macejkovic73;3u8F8ZVx6ZxtOdk
1598;2;Tyra_Veum;mLS8xL9xrolos61
1599;3;Lexie83;T9X0Uyg0t8ZA4aj
1600;3;Katelin61;Ji7rCgjbjkQtuy0
1601;2;Michale_Armstrong35;vnKIbvGe8cOdhNc
1602;1;Clinton21;oTuKcrf_TlJA3sL
1603;1;Orland64;PhsLcrqs2YwEEqM
1604;2;Barton_Herman;f2z6a26yUFeBlGN
1605;1;Ozella_Runte;Dfv6nuLCrvuPrr3
1606;2;Christelle63;aYEOU2AXwh1smp5
1607;3;Roxanne.Sanford;zNbikK2zYooRrig
1608;1;Dane_Lakin;voaLnh0oyfXDJk5
1609;3;Reva58;aJXZtoYH7SXblbs
1610;2;Millie_Wisozk12;CUALvBJTxmR8uS4
1611;1;Napoleon_Crooks15;Jx1u1sKE8HH7J2m
1612;2;Piper.Jacobson80;A15DiYTf6HWIYmO
1613;2;Braden_Windler76;O8ola4R97GXXGY0
1614;1;Queenie.Kirlin81;A4eRDBAgDAN_Lt2
1615;1;Nicolas40;f5F1qcB0_4aDN0Y
1616;2;Cierra_Rutherford;6CeMjF0eADJ9hrt
1617;1;Julien93;p7W_h8eYt7sEvaQ
1618;1;Sanford_Friesen76;gsasl1QTxmpbFSu
1619;2;May.Parisian;WCFmmqbEOMFp0mq
1620;2;Valentine8;74h_IjUqA92ZQOu
1621;1;Krystel_Adams;ccAeTqzRPJHJuKj
1622;3;Jamel_Lockman48;v4pLsQ2ex8ma8ZG
1623;1;Hadley_Rau-OKon94;JAOZVh7V26ooDwj
1624;1;Daryl_Predovic54;S6baw88oPJeTN3I
1625;2;Sam26;chsgR4lvoCqpc5i
1626;3;Manuela_Baumbach95;TBJmll8EJecpyO9
1627;2;Serena.Bosco;CXZOhaXCACTiKi1
1628;2;Devyn88;1Zre25yjoavbRRM
1629;2;Charlotte_Hills;qOWYkGo_WOt2Mpe
1630;3;Ulises.Daugherty5;VD0a66VfvHiNWiQ
1631;3;Darlene.Ritchie;r2toGApa34yeYif
1632;2;Rowena_Champlin93;v8gOjWzO7DKUfpd
1633;2;Hailee.Crist97;R0IDpMY_CWDrXl8
1634;3;Dorris.Durgan;bX6_mBJyygFG5Sa
1635;1;Evangeline_Torphy47;7Xq28dhIrHw0biT
1636;2;Noemy26;1zxN9YGcEh_Q0WA
1637;1;Richmond_Bradtke64;95rKkstmHwZx1EA
1638;2;Reina82;vuMWK540vuy5OAH
1639;1;Fidel_Mante57;wx_KuZ7vnPoDTrO
1640;3;Madyson76;mWW5pNrGI5ONYxr
1641;3;Tomasa43;kElB5vhQsVrOxna
1642;3;Elta.Hettinger;5Wdn_BVcw41jjDx
1643;2;Grayson.West;1bJhWinSu_dD4e5
1644;3;Roy_Will-Moore;1CcdSh5xJ42TRTC
1645;3;Danika.Hermann;_x6Nc1cluz52ytn
1646;2;David.Nolan-Heller2;m151tVuLrbXSYcR
1647;1;Dovie37;M2g05o5qqAWUu_5
1648;2;Edison_McKenzie78;Oyj5x041lxP6NmZ
1649;3;Hipolito_Corkery56;FYAfNeg4Rp8Keh4
1650;2;Gerson1;OHlOAVISDqxo73s
1651;1;Oma40;BHmrQIH2iPTncqd
1652;1;Tabitha.Ferry22;dIJQb9Zrjb_k9_0
1653;2;Kaitlyn83;jxgP9zydfkeWTdq
1654;1;Zachery66;WMMzQYedHHbv2my
1655;1;Annabel75;oomqpmIQT4wHX3j
1656;3;Eusebio.Murphy88;jPK1eCXZHBWG3Oe
1657;3;Adrain.Powlowski-Osinski70;K7yr2wPYN0FnWom
1658;1;Keira7;y8nfCdREaqCfcpn
1659;1;Dessie_Bruen41;_ij2Dw92giiiF1I
1660;1;Annabell.Kerluke75;9_Ii6dwgGlpR2b0
1661;1;Anika_Bernhard16;1iUlRFMg6_CXWDs
1662;1;Eileen.Hammes95;XLqlQSzaflo3Xi3
1663;1;Gabrielle_McGlynn-Rippin;nqpP3Cf9BWP9QKG
1664;3;Adolf_Hintz;MG_GfxbhpQoajnk
1665;2;Loma.Hammes35;5MnHZZEKMkhXb9R
1666;2;Kamren_Rogahn77;Cvb4IYM3SoVrpAa
1667;2;Giovanni3;lVSHTXCK21IEvbl
1668;2;Marietta_Skiles;BEMrX3gHsJD1VzE
1669;2;Candida91;BtkNfFWQh8x_SLn
1670;2;Emmitt.Schiller76;VGAzJurm9tupijJ
1671;1;Nicklaus.Welch;e637mq4msHrTNjg
1672;2;Deonte82;XazBWINACuocm0g
1673;2;Dorothea98;5_FBReFfHkme0G8
1674;2;Braden.Hansen;kQvVsjxnpq2A8T8
1675;2;Cordia_Roob;81T6uCZW0cCd1Kf
1676;1;Guadalupe12;U6rA5r1ui2B1SVa
1677;2;Maude_Flatley;GsODffse4fSjXqI
1678;1;Shany.Muller87;4umt3zYJmxrKNHN
1679;1;Sherwood.Renner45;YkLDPJ9Tra1waS6
1680;3;Rickie.Nader99;PpufACTl3bDrphI
1681;2;Laila.Mosciski;smVv3eNV64SRHWS
1682;2;Camryn.Hahn90;KI0z5BzCPANd3sG
1683;2;Jane57;hkJDhXF7uo1rCIy
1684;2;Darren_Jaskolski;Peki6txsoIHtPFr
1685;2;Madeline_Rau98;qlPkpcxJp0EUTC9
1686;1;Hannah_Orn;jwGUwJvaIhtDfmk
1687;2;Madisen.Bartell31;eLbX5mcKkXzgz01
1688;2;Esteban.Langworth60;TL1STCPEn_UPoVZ
1689;3;Alta.Crist;DgwSwNOsZixuZ_T
1690;3;Jadon_Will83;ACHH3_IKtc_dA50
1691;3;Frankie9;bo3BK1IoYPEJ_oW
1692;2;Coty_Cremin;2q598VEwnjsInHB
1693;1;Destin20;qhTPKPfTdfZTJ_Z
1694;3;Margie20;GtKSnSVz1FlIbHC
1695;1;Jennyfer15;LldxZX4vDh1suS6
1696;3;Jaquelin.Hagenes;DA1JqgRhKV8v6NP
1697;2;Eloise_Jenkins;ahWqDxCz4GL6LxN
1698;1;Emely_Nikolaus;3l9S7MtKsDFyZKd
1699;1;Nick_Emard50;8bOnnO5E8p9uxMM
1700;1;Laron_Rempel;46lGB4GvCYb5RY6
1701;2;Augustine_Schaden51;ylVSj_2x4LcJVv8
1702;3;Earline.Douglas3;8g6ZoffVEdgIIYs
1703;1;Russell.Fadel55;XRdmK0qIVeJnMF4
1704;1;Andreane_Leannon81;Bf7osmPXbCSh52u
1705;2;Ed_Altenwerth34;5EJq8qYQype0Cd3
1706;3;Arvid_Sauer65;aEtvtT3iTe117UA
1707;3;Noe.McLaughlin;TgSa7gbCBq2il7i
1708;2;Carlie96;aCXto5g08jm5pzK
1709;2;Mandy26;92mDGfyofY8l7MH
1710;2;Sylvan35;cUVi00uiKtekvMu
1711;3;Maryse34;MREyjUYDKojc5e_
1712;2;Duane_Rau11;84ps4RqTkAbX6oR
1713;1;Guiseppe_Nolan;vBbRKKmlo_fBlTv
1714;3;Reese.Zieme73;wNfc6Hl7fozedaI
1715;2;Helene.Douglas;2JYsA3HapZKOtgh
1716;3;Anderson80;imwGLivzP9ysqMD
1717;3;Melissa_Brekke8;Qxjzlkc13w5ECCJ
1718;1;Roslyn_Kiehn91;fXub3MDfwfYgpTj
1719;3;Demetris46;x9127QpzcnAa1Re
1720;3;Theodora.Cole;ynsIRqH0vcL_yUu
1721;3;Clara92;4IGL6OI725qy42q
1722;2;Leone_Cole;259LkrKhHvoz5RM
1723;2;Pinkie8;vnG_RIgYdoXADae
1724;1;Raquel90;fOXzEynwTe_ZA1e
1725;1;Matilde_Gislason45;443VhiDvVI5A6ts
1726;1;Dangelo70;x046SRsiC37Vfqd
1727;3;Jordan.Ledner25;F_cwtjS7F_YI3q6
1728;3;Dawson_Leffler71;fkr2A_TrydSRWIw
1729;3;Lindsey84;mkhSMvdATGRZLMg
1730;3;Selmer_Langosh81;eS5z_ZOdB01DyB5
1731;1;Bertram42;tqIBbrFWQEpIx7e
1732;3;Estevan_Davis35;GzaBaeU_qpd6WIh
1733;1;Lily40;OAOE7uglISkRWSe
1734;1;Rudolph59;0SXFsqC5WurXGKE
1735;1;Carolyn.Bode;w56MGUPD8yGflPw
1736;3;Toni53;nnZ0V7gcthZ0E0I
1737;2;Blake.Zboncak30;7rjmW_44UKNouEZ
1738;2;Will_Berge4;wRgYkmEREedUWxh
1739;2;Frances.Jast;WVo_SyhgQD2ptgt
1740;3;Ryley.Mitchell33;GR3gMtxqlT34kWm
1741;3;Kennith_Mayer23;WNvxiwobv2Ay6zm
1742;1;Forest15;RapE_t0QnFkbiqh
1743;3;Joanny.Mann8;jJFVVIbIskboaoY
1744;2;Israel_Lockman;v07DqOKctDYwRQL
1745;3;Amir46;bT4BhOOZD9aPLw2
1746;2;Emanuel.Bednar;XTrBHOZhwpXVmAx
1747;1;Adelbert_Funk92;YcRRUmd2o79ypWY
1748;3;Rickey.Auer;Wg3SUQC1YQnqDPg
1749;3;Luna.Paucek18;8XHXvQpMKw7iLsI
1750;1;Rigoberto47;nLSeRuZkxbUNKZd
1751;2;Stan78;KoD81RvhcwqnzRz
1752;3;Harmony_Waters;lygIO9ee4BKasbF
1753;3;Kristopher_Mertz23;jqtnBEET3pm6V19
1754;2;Lottie_Gerhold-Cremin;V7Em_UT6EaEed8_
1755;2;Luna_Blanda88;e2Dms89ql2KtwfK
1756;3;Krista93;dI1Q3xxxrrnaJSC
1757;3;Crawford_Kris;vDNEPQ3Xf5PathJ
1758;3;Brigitte95;5kZVUqiVJEyHtoe
1759;2;Grant_Heathcote;wOKqfV_8PoayefU
1760;2;Maggie80;qrVy7srlqHVpJKO
1761;3;Eveline_Murazik;b8fyTWKxFGuzp0V
1762;1;Tevin79;C_m58oqFQv_9az0
1763;3;Paolo.Roberts;0hEl9VYFqrhYkPn
1764;2;Hal_Christiansen65;R7R_DWZVQE9aZlY
1765;2;Virginia.Schmeler54;XDhz0aVUuB9LrPh
1766;1;Jaeden33;F4TsXtjSfc3iEyP
1767;3;Daisy.DuBuque;J6seKa1UcR_Lk4R
1768;2;Enrique_Christiansen;feByRIIPFFzqezX
1769;1;June93;7eQ_5tR_LlSFG8f
1770;3;Cristina_Wisozk76;yVb4P9xlmcyRgSJ
1771;2;Edmund86;QF_W_jd7aXj0nRS
1772;1;Sage_OKon89;Xkxa3_9OQXeEw26
1773;2;Olin31;bUXSGEB5cCbgiAa
1774;1;Jewell.Schaden;7r3JXUFWcPq65Jj
1775;2;Mike_Crist78;Mpxz0Io5GbRvtcT
1776;1;Ernie_Block25;xm_E1VWNnUc1_tG
1777;2;Johnpaul_Volkman;Jbbq7gws_FJxguD
1778;2;Hadley.Satterfield69;28dO_Q11JJaWuXz
1779;2;Alison20;8tm_SXvEjHXExyG
1780;2;Brianne12;0zuoroSXbEYjhlc
1781;2;Jakayla_Thiel32;P__OcD1NEvHaRlQ
1782;3;Herminia.Heathcote;SJg46XFFBYA4LB3
1783;3;Alize_Hamill;5jw4ilrnwChVLqX
1784;2;Anika.OHara51;hkiocGCbrWsyJ_a
1785;1;Sigrid.Hamill-Strosin74;njfRNrLIVieW0TG
1786;1;Chloe.Conroy;UWmWYBL5AdH4MMq
1787;1;Leanna.Cremin12;7kZPOUR8NXxoUzi
1788;1;Antonette30;5QWkTds5O52mGGh
1789;1;Brooks12;2_pRNtzMLcdHJlP
1790;2;Ross_Fisher84;zQfg7_5esDZtshm
1791;3;Ardith27;NylG1b7cIwSPRLZ
1792;3;Thea14;PBLGt71j6vkg5hh
1793;2;Candelario.Bednar;0J5KRNbFo7udJX_
1794;3;Nels_Langosh60;ukgVuC8pEaNXhTp
1795;1;Kendra.Schuppe95;j55MjD95KN_KHMa
1796;1;Bella_Mann17;RrUTjA9mVmXMZjZ
1797;3;Darian.Ondricka;DMziu9vcF5tYQfh
1798;2;Dorian_OKeefe98;cD0euIeqMk8E6NQ
1799;1;Isabell99;tP8bMQ84l1kyQ6s
1800;2;Larue_Beer;HADN7mpFLqCIXCg
1801;2;Hailey44;9lz84Ojt1y4xMoJ
1802;3;Leila_Ferry23;7QpcthTbvwm_k_h
1803;1;Ari2;n8OdSKHLN0AYL6k
1804;3;Cecil82;se2JGymh6HBf7ln
1805;1;Zachariah.Lang;0ISnMbINECb9Xo8
1806;2;Yoshiko_Shanahan;FudYjiVtG37zZEs
1807;1;Otilia.Nicolas69;Z4Rc1SWuhVaRQ6L
1808;1;Lila43;ajzSGVo00nw4EUN
1809;3;Jena.Jacobson3;DYt5rWhPg9C9L1d
1810;3;Damon.Parker29;sZUGtRMoA83FTU8
1811;1;Brandi55;QxsMabOiTN_da5B
1812;1;Katrina.Flatley77;wClTivOcnSTV4KW
1813;3;Beau.Harber56;BoTf9xw7EQNPwZ5
1814;1;Cristopher_Gorczany;bdInyWM2Euw3SzA
1815;3;Everardo_Bradtke85;0K0BFEwImb1FYV1
1816;3;Dusty_Kuhic30;4ys6C3vkA8bavaX
1817;2;Nichole_Monahan;FFaP8lHoqnyLBCp
1818;2;Shaina.Windler;_rSXorOygyZpMZV
1819;2;Carmen_Emmerich58;VGKAv24wFqjwR6U
1820;1;Erika20;eMA_MJ85NbqIH69
1821;2;Hattie.Hirthe29;2BqGq0hJMhAFuQb
1822;2;Bernardo.Weimann61;rZ8LK31HHLB4jm2
1823;1;Alexandria_Maggio91;weqDJhNpfO2W5bz
1824;1;Dannie87;y9WLhcvgqX_8osL
1825;3;Robyn.Paucek0;pP5M7HGdHOCKwJ0
1826;1;Neil.Prohaska71;4J0Td_UBbYmqm1y
1827;2;Candido.Johnson48;bF0UYLAel1AuU1g
1828;3;Lisette.Littel23;CDjiUsSxgChF0IB
1829;3;Damian_Hartmann43;55tK5nnD5X6Jcmt
1830;2;Reta69;_n3aqUJngujYGKf
1831;2;Ray_Stiedemann;GjwWaRIZGmQnbgu
1832;2;Ursula77;ZqDpsWXDxuKkCai
1833;2;Newton29;Xpp0WzHQLvn79xo
1834;3;Kobe_Larson76;FXUyB9qw_LnURqw
1835;1;Lamar24;09JAcoqlSXWvpM7
1836;3;Cathrine.Walter;YAOSMMBG_Me4r5_
1837;3;Modesta_Altenwerth32;frRSIbbsWfYcwdE
1838;3;Jude.Kilback55;3NEvlpgxRjBWqd5
1839;3;Dedric_Kuhlman;qA_OPrY10SDquRV
1840;1;Zena47;1X_3_mM0JOond6v
1841;1;Marcelino_Cronin70;010scJvBM1iKk6g
1842;2;Barrett.OConner;E5o8iEEx2WUq9eo
1843;1;Emma.OHara;aSksR7CDJYjbBlr
1844;1;Gianni_Hilll19;JdcnOK4UQOWSDye
1845;3;Mariah61;DnwJVJc3Ojtp_iS
1846;3;Gennaro85;1iCAFNBlbPX1w7F
1847;2;Julie.Roberts-Reichel;fDB4fmiMOtUpxB_
1848;1;Russ_Marquardt4;AuxeQq5vvRHnu34
1849;2;Earline_Greenholt96;WXXr1EyYorfulUb
1850;2;Twila41;FTwiINbBfz62bB2
1851;2;Annabelle.Kshlerin;lnWXzF6ndYDMFEx
1852;2;Alayna.Wuckert;nc86tt0fEYAwb81
1853;1;Arthur96;YQCYIeJOeNOXxN7
1854;2;Gino_Veum34;eFhz9zybFVyipIz
1855;2;Jaylan_Osinski44;A2tvrOkNnZBJiwD
1856;3;Carolyn77;7INqkOs0Zgfk1wp
1857;2;Savanah.Runte71;lT8l9ch9IIzPE_m
1858;2;Rasheed_Bahringer57;O1aE0o_WxqtVFOt
1859;1;Keven27;RL_xVQ2HWxajuj4
1860;3;Anika.Wilderman;0K5exSoyZv86Rgo
1861;2;Lexi.Jast77;3ej9ZJQmCbW1S52
1862;2;Gordon_Leffler32;cLRd9CpucFjs9pA
1863;2;Sophie.Emmerich8;smOIk_krPycX5GL
1864;2;Janis_Huel;zlPzH7kN3zmUnG_
1865;1;Marlee.Sipes;fzT7HKvbohLJ_f5
1866;2;Zora.Orn86;YGCcT0F0xJv5PAQ
1867;1;Camron_Parisian10;5VHo3NU_9M4qQLI
1868;2;Antonia.Watsica81;8WPK9g4dLAWkik0
1869;1;Valentina_Ritchie81;C8xUU1lJw5oFqa6
1870;2;Michelle_Lubowitz;QCsdWZXsuanRPJ7
1871;3;Max.Balistreri;cYBT_kbRENHG82i
1872;1;Nash.Romaguera72;jlQXKDygKDaXWRH
1873;2;Tomasa_Ziemann82;CyU7aZN7I249VQu
1874;3;Roscoe.Gleichner;1DC0l9ojFzkrXx_
1875;1;Eloisa81;ZeaXPLGEuAuKGpK
1876;2;Tracy.Brown;3iD4IJYoJny1QLo
1877;2;Enos_Cummerata1;pjHwO48t6wr3wHk
1878;1;Rhiannon.Kiehn;y4Z67_a6vXFyTcI
1879;1;Lourdes83;ESRICgvNR5CIKei
1880;3;Chanelle_Smitham57;a_ZE2RmikvYg02g
1881;3;Dejah.Schowalter;eWcCUw5BBouyW55
1882;3;Erika_Nienow;AXP5MAtDhZqnNul
1883;3;Corbin74;WX9YO_heaK3SC_A
1884;1;Leila_Torphy75;L1kNEEEQp2B1YSt
1885;1;Guy.Buckridge;gEhLZcUH_z0L1Te
1886;1;Hilbert.Batz;4ZLR4oB1TV7qkyt
1887;2;Geoffrey_OKeefe;0suP8HPhyOEZVb0
1888;2;Ernestine16;vTCguh7V5R7FI7P
1889;1;Cristina33;_DNgms9F_yxYgaL
1890;3;Ernesto46;nQ1gqLeXO7qGEAl
1891;2;Mireya.Mueller;1eCwFtsKDCsHTkV
1892;2;Tillman_Kub81;9NQSzpQea9s359s
1893;1;Kasey_Graham41;YZ5yJFmnNn8JP4a
1894;1;Britney.Stroman39;xGigOdvCCjmyPcX
1895;2;Delilah.Crooks;UsbzcBnfSGrjYPs
1896;3;Amaya46;EwGl0ZMEn_RFMB6
1897;2;Albina_Cremin4;d4XMkzUHnv3hZGz
1898;3;Kendra.Halvorson36;k0kEe3XgGOrtL6V
1899;3;Terrill_Stiedemann;UIhgBW2TUjh16ug
1900;2;Lera55;m5ZOfxWdB38cper
1901;3;Lulu48;XWzAv2RQiizwOxb
1902;2;Jaylen.Kuhn57;EW879OrEiqAXc0M
1903;2;Rylan45;fdAEoMxMdPMPlKL
1904;3;Shemar.Kohler52;EStldllLESXqhkT
1905;2;Myrtle_Von;yx_CaKfzh1z8sV7
1906;3;Lisa77;DwDITEJQoxH0aaj
1907;3;Angel16;PMnucbrwcIVyYrz
1908;2;Sadye9;PopKLkbdGXa0ytc
1909;1;Guido.Ritchie16;wqA4hbUZfADcqka
1910;1;Jimmy5;GRRIrMlppa9JBka
1911;2;Bart.Keebler54;Iajr4XtW5M8COU4
1912;2;Alysha50;iZW8XgqBFDRpt4K
1913;1;Karianne85;f6ftatgHdIZlWCB
1914;1;Maia94;KkJFTH9Y_sO1c7L
1915;2;Winifred.OKeefe81;vLe4dl0nwfrj9tP
1916;3;Francis.Schmitt25;7TkA0dvDc3zsCQE
1917;1;Bettie_Quitzon44;kLZzyaUyBigAOKr
1918;2;Madison43;BNB2teT8aC9UInD
1919;1;Pearl_Hand;kWPC9KI9PAzKT7b
1920;3;Margarett.Prohaska39;ft1RQREnK60oAUJ
1921;3;Dallas92;FRAPzeazl9z10Xe
1922;2;Jany.Fay;dUbDpT3nihywJ46
1923;1;Randall_Wyman34;3hEswnc91OrApjb
1924;2;Troy.Stanton52;hDvyw8CPQEoHHhw
1925;1;Cyrus_Goldner;2Y0Eg8YQNdp17Rb
1926;3;Krystal.Harber;C6Vfxw1zlbwYjhY
1927;3;Wyatt_Stanton31;NBvkT9qlO_iFZDZ
1928;2;Stanley_Rogahn84;G_GjKWtZ47_gZSi
1929;1;Deontae_Strosin;KlZWDQetkOI0thC
1930;1;Dariana33;jY75HIuP5dE7ger
1931;3;Hellen44;hs1D2Zb28kSvYYa
1932;3;Rowland81;cLXtFwgH2KlsqUo
1933;1;Josefina_Von;xQFMmApDp9mj3pl
1934;2;Samara.Gerlach;pFZ8_9q_IjU78Tn
1935;1;Grayson_Smith88;inzu5KLRrwFHBga
1936;3;Tracey_Huels;SrxNoTBo6W8kP8o
1937;1;Ashlynn.Kutch;uNf9_gvMJ22CWtd
1938;3;Jamel_DuBuque;rtmq4zCiXjzsu5g
1939;3;Cornell20;_fvTC01rPvtTYb2
1940;2;Lemuel35;YQ4pTJGVhKMj_ni
1941;3;Makenzie_Lehner54;mpTcYFd8S2RzBgQ
1942;1;Lauriane.Stokes89;Ub5Bwy935zfwZiA
1943;1;Favian.Lind-Quitzon;05Zk_eVZfvdNyHs
1944;1;Brianne.Boehm;VJw22ggAgRkPo6u
1945;2;Kali_Prohaska29;MU9DyiZgeMMx1tS
1946;1;Myles.Rolfson11;inPrj8ZORSMEQOV
1947;2;Rod_Waters;9poJ0EktRtJJ9sc
1948;2;Elenora43;IXmBeblkVeWg6de
1949;2;Jacinthe79;WsveKTwKsnLiwcl
1950;3;Alexanne.Legros;dumStJ3E8vscppL
1951;1;Karlee17;axprDQjb043bF4u
1952;3;Vergie.Witting;lF5O37TfWDunoq1
1953;2;Zoila2;fCMzmYCXmKc5WDj
1954;3;Jalon.Hessel;fgppY4lnwW5_3W6
1955;1;Amani_Murray48;UtEVdX5duDFggHW
1956;1;Jazmyn38;sHFIDhekQXJeqWv
1957;3;Ayana49;vbp0ooyiC2fj333
1958;3;Emmet11;Np9s0tJV12O80fJ
1959;3;Rosamond39;XvBeKqxibk11x0a
1960;1;Izaiah91;5UaREH_37UdCO16
1961;2;Freeda19;ify8SmZzjgHHYbs
1962;3;Schuyler86;Q7G_1gOXdlU2hGb
1963;1;Lawson_Daugherty19;Thhf18nrtM8uggZ
1964;3;Stone.Gulgowski;BSsySudlBnlJ_wh
1965;3;Russel14;nFEkpFTlNSGsvit
1966;3;Violette.Metz68;tRzqD3HtypirFBR
1967;1;Celine_Reichel71;ZwNLmKby7sPXCPg
1968;3;Aurelio_Zieme-Rutherford;OHxcWsZaKIx4LUD
1969;1;Dayna_Stiedemann;rGk3vzBQKMp3urL
1970;1;Oran.Cartwright;NRu4iEpeLyHOyEA
1971;3;Douglas81;2qi_ji_IPBgf2oz
1972;3;Jarret.Rau69;C3Vza9RdRJTjivm
1973;3;Clement98;e85iTtcNz8dDVuK
1974;3;Rosie.Schneider90;EPSLjZMgeVnF0oz
1975;1;Katlynn.Kemmer17;96vaCzLgOn7eYMP
1976;3;Joey73;Db4K4O7CbWOlpLD
1977;1;Carolina_Dickens-Purdy;06_6uvDEcVrCnyD
1978;3;Cyril.Marvin49;a56DELMa_mFSotD
1979;1;Salma3;2FK4dyeKl6t6GYm
1980;3;Hollis_Cummings;62yHjDfxMa6Kkvc
1981;1;Arnoldo.Gibson-Brown;4Ie6A59SE3Ezlr6
1982;2;Deangelo_Beer;Ky7iV6H8G4quHpd
1983;1;Dewitt.Lueilwitz;tec__54aU05pNvT
1984;1;Patsy_Herzog;ZioNHplqScihf4W
1985;3;Dariana_Mohr;EG2xT7ymoNjG2qt
1986;2;Stuart.Crona;DOxSizNC72qDzxM
1987;1;Jimmie_Trantow;Qm9zi1UEQT053eV
1988;1;Kennith49;V9XE9gxH6amoiIx
1989;3;Granville_Kulas-Lynch;3MeLG5V6VSBoMJH
1990;2;Beatrice_Walker85;aKc7_Wgp_HmTvCy
1991;3;Taya.Pfannerstill;3sw7xfGgepeDx7v
1992;2;Ursula_Greenholt;kvD4MSRmZU2m0ub
1993;1;Jeremie_McLaughlin9;OnBlIaGpXnZ0hVd
1994;1;Nellie_Upton37;r7bUuH5dfnGIjPM
1995;2;Darion_Ledner43;LQ6XX6EPWTGgS58
1996;2;Verdie14;kMt1bWp5gJCKH3b
1997;2;Mariah_Harber;aVQc93OTu7KsUZp
1998;3;Paxton36;Kc8oA1qLQItCb3X
1999;1;Morton_Weber;jNuYeXSvPpWZGGO
2000;1;Xzavier.Adams30;i2DjGtkMEeyLLbd
2001;1;Sarah_Hartmann12;C2sAnQouGtlCB2B
2002;1;Maximus27;IH5r2STMs_ICReI
2003;3;Joanne.Stracke10;npnxtP96889vXL6
2004;3;Marcellus.Goldner13;2BskLGjuEzRWrou
2005;1;Ashly44;m4FhTDnD8Y37AN4
2006;1;Johnnie_Senger;_4Rr3fAipO1HXlH
2007;2;Macey_Little61;fh5y6ztK8iz3QdE
2008;1;Johann.Connelly;ZiBRxpA_DLRePs9
2009;3;Dedrick.Nader;6cPFuOfXQ9qhGYF
2010;3;Federico_Lakin0;vObpGpEilI41_5y
2011;2;Corene99;nMQTXWtxJXhefYj
2012;1;Curt.Kozey93;XG9s7pVMFJ7wa4f
2013;2;Alva21;4pa4cQ0KFzhIkER
2014;3;Virgie.Langosh;GhUKgu68VTXkFoU
2015;3;Wyman.Brakus75;naXeju4GaHM8IjC
2016;2;Charlene28;DHHi6IdJrior90P
2017;2;Clair_Kertzmann69;9i_F0ghSL6OD8zE
2018;3;Lexus_Dickinson;2ptnUY6y7mCqJ9w
2019;3;Christop.Haley;9mUHfSBgtEuvhnS
2020;1;Wyatt_Veum53;aneOmdZs7dg5R2g
2021;1;Werner87;6_sBc25ee_ednNK
2022;1;Sarah_Kuvalis;alMNDgLXkJ2vwl2
2023;1;Nolan_Rowe66;qB_CdOQ4Fp7jxlu
2024;2;Fidel_Conn;AtGed7n2kGjz597
2025;1;Keegan.Lockman;sdlsG9LEJyOrQ2x
2026;3;Jolie21;3D6YiNwFFOMV1x6
2027;3;Marta.Blanda78;icZ9UoiZv2DeHcM
2028;1;Devante_Willms90;L81vONQNVwFq8UZ
2029;1;Devonte_Johns;OoguXKa1eVsdncg
2030;2;Letha_Spinka;EADP0R2WpEJFG_M
2031;1;Stella_Huel-Zieme;QV_P_4cQKnV25Mb
2032;1;Maeve.Jenkins69;rQS4rZbWuMrb1s3
2033;1;Estefania93;vK09ingLhC_hAzG
2034;2;Elise_Herzog;2fv88LHop5KLGTW
2035;1;Brody45;meuXZjrmgDwe8qC
2036;3;Sandra11;0rX1sCJXi7gMJJl
2037;1;Shayna.Bradtke;Y7LyaxYoZoY9zLn
2038;2;Vicky38;RxF2LwhZRq2vhHh
2039;1;Teresa_Ritchie99;aTtkfAbGBcIUToY
2040;2;Cristal83;sfm4FanTJ4whQZG
2041;2;Jermey60;v3zyyZ_VejYojUd
2042;1;Era.Smith;vhGXod8trW24y0o
2043;2;Gregg15;_kLSuwen_3I_XMO
2044;2;Jacinto_Mayert58;h5nXzdrKVdN0C5U
2045;1;Sigurd_Zemlak;hwaR86V1n0t64RR
2046;1;Lindsey5;yMUT16QbkByxjr6
2047;1;Cecilia_Reinger13;_LmjUFRGMZDBtJw
2048;1;Kayla_McDermott54;JuX6YxwUPuDZSkd
2049;3;Darian_Funk44;cJbtPCksp95ZeK_
2050;1;Pete_Prohaska86;fQl8cy_itHGA8Jy
2051;1;Kenyatta_Grimes;Ni8m45oMnXp1a_R
2052;3;Gerry6;H47rP8biIgHHJ8m
2053;3;Elyse_Rempel;OtIxXitvr9Q4fA4
2054;1;Antone46;lw9fQbjWYtFxX37
2055;2;Celestine.Lehner9;9Hetgacw61Ij0Av
2056;3;Madge_Kuhic94;8p18jkzySzV_Tk2
2057;3;Rachel27;z6GRdUZsgCYsjMu
2058;2;Mikel94;xvm3zoLwrNlHvrr
2059;2;Roma_Koepp;WNbWfYdDaIupTJh
2060;2;Lillian_Jerde-OReilly29;MCtoMj47QroIB6A
2061;3;Bernard_Zulauf99;djEyEPlk_TFSo7y
2062;2;Frieda.Fay9;3drqt9yrF8_L5pU
2063;1;Annalise.MacGyver;cmB0mihjxNT7qpg
2064;2;Gene.Waelchi;HtFzRxx3UJ74Tap
2065;1;Max_Hane71;B07EV_R9TFuKyjf
2066;2;Clara18;SiowCWYFZKQ5m7N
2067;3;Jaren_Leffler;xm8ABsYqSbKCOgK
2068;3;Bernadine_Predovic18;HGbXxJndxAQdIpj
2069;2;Barry.Lynch89;kjwzSNPPngGeTbq
2070;3;Amiya39;isTSMFPtJwApNzj
2071;2;Deondre3;ZYVpr1AyuWb9rR1
2072;3;Tyree53;ftDawROHjhf2CY8
2073;1;Amanda80;mRbyL7qQKm4Tfrl
2074;3;Veronica.Bednar28;I7obk6wt6n583Wf
2075;3;Santina.Veum;ANtbQyI5bZutTCo
2076;3;Cleora.Rippin;QFL2YMPl0QgiOFc
2077;1;Frida_Herman78;DGkbOil4r_iG4Qi
2078;3;Adalberto_Waelchi-Bernhard;mtjwKN7km4yd4ek
2079;2;Jamel_Padberg93;q7yK5rD7rHzQAiZ
2080;3;Geoffrey.Stanton;62NLp3NVHOVdHuv
2081;2;Lurline.Dicki82;dBgPUJRyceqie6h
2082;3;Kayla.Kuhn30;O6V6AfY3Vq4uZhG
2083;1;Lyda.Larkin74;1JrcPHm4YHL3so3
2084;2;Austen_Russel88;4OtoA_GJX524d_C
2085;1;Irving32;Fvpu8Clo2RSGrq4
2086;2;Logan_Zboncak;IFsyCN37et3AmVV
2087;3;Guido5;2qP4oowQ7UfjucY
2088;1;Monserrate.Steuber;Al98D2i1P7ockDW
2089;1;Joanne.Paucek3;E09vRJUvO8iK4uM
2090;3;Gustave67;5_bXVIFmuwq1tMY
2091;1;Joyce.Kilback32;G3wCiTI_jMv7yFS
2092;2;Lexie.OConner;1BCsD5ARd4g1j72
2093;2;Hipolito21;69s6gIwMLVtoSVn
2094;3;Mohammad_Schamberger;AAPZNGowmceV0WJ
2095;2;Francis_Lang;vjPVmnNzgUTSzlq
2096;1;Shea_Stanton;8P44W0dLEh9_Ixw
2097;1;Emmett_Kris;ocauDs9ZwdunQsm
2098;1;Seamus_Tillman;uyRhjuaLCTqXAac
2099;2;Tristian_Davis95;gtLKo3F81Z0coYb
2100;1;Jedidiah_Morar33;SBTlLoLUqg5fq9V
2101;1;Daisha.Abernathy;4K5qW3X2ve8xzSi
2102;3;Lori.Donnelly43;6Y7qQQeXeYyMAID
2103;3;Shyanne_Lindgren;6wG_WFsNc1O4L63
2104;2;Darien.Beier;OHQdK0zvCmOtY6f
2105;3;Pietro93;ZiqhOVemJIArGYV
2106;1;Tyrel.Stamm;xoScwXXyl16zeI7
2107;3;Hulda56;hg107NacqRNK6jd
2108;2;Shawn_Romaguera81;SrW7xaTvR_gFfU1
2109;1;Norberto_Mayert83;LxoU0zX_zhFo59x
2110;2;Phyllis93;uePi5Vr1oDvrWuP
2111;2;Warren_Schoen;_zND5kKCiO04bpS
2112;3;Manley38;tUFDRL_mWwEqtP6
2113;2;Michel58;zxAiGhQgrpIAVRO
2114;3;Maximus79;QN4KVNM43SsZg58
2115;3;Jaeden.Mante35;v9EF3lmMk5ou1bv
2116;2;Era.Schiller;b2o9CNZyP4u98WI
2117;2;Holly.Schinner;CEz2a96FTSsPTNt
2118;1;Ebony70;gqWBcZvwuEbRseq
2119;2;Davion0;6iUYycfSpUHxJ1Z
2120;1;Janie.Haley66;DirLrDEFVP6ZYbH
2121;2;Adriel.Marquardt;m_FsyEIyzwoDGCN
2122;2;Geoffrey.Ledner;7gmKDJ6Sea3XY61
2123;1;Eldora96;HDcBSxXPmgR3CHJ
2124;1;Tyrell64;GaTkSXriaRWKOV7
2125;2;Andreane49;bUtCSJ7KFSYrcM1
2126;2;Theresa_Rogahn;l5OXbpMXVKi4oB7
2127;2;Austen_Feest;RWVllpqKHkXbLLi
2128;2;Pablo.Turcotte0;glg0cyhEBG7PC6Z
2129;3;Kaleigh_Simonis55;TJxjzCczY2s8DpO
2130;3;Rosina12;1FAhacNRIYnvYQO
2131;2;Kenya35;gvrsDzRL3AMUn3l
2132;3;Cali33;LnKfbZdAcbTU_Xr
2133;3;Cara.Rohan;aueavQHdFqAENPr
2134;1;Emelie_Kulas;Nl_o01140AzraOD
2135;3;Leone87;lqS058YFBUhYXFo
2136;3;Roy_Hintz;xFYsN8uDl7d310p
2137;2;Einar_Zemlak-Rodriguez94;qFNkLWYyx31YQnP
2138;1;Chaya44;lBdVPEV2OPSNJv8
2139;3;Johathan_Ebert;joGMCBxF793hxgq
2140;2;Hobart30;jeytMMu4Df_L9Xr
2141;1;Delaney_Hauck16;eYAqA5FkGGSCQFL
2142;2;Eli_Turner87;9v5rc5dWPwG5A47
2143;1;Micheal.Barton;qbfnMaQ0eMzZJYI
2144;2;Gaetano.Emmerich92;szYlAgCkehqRdVC
2145;1;Keaton45;3WkpN4doJFb7KeG
2146;3;Mario.Davis32;5wzIBC6uQM5vfuo
2147;3;Geoffrey_Satterfield;DYpuxDi3Df4poUc
2148;3;Paige_McClure19;LaIX5IK4hbNLm_T
2149;2;Obie.Stracke3;cn0SfcUrVtuP7tz
2150;2;Bette.Halvorson;6nlBqr5GpAieA9J
2151;2;Susie36;a_6ijlJxsuotln5
2152;1;Josefina72;TESvVyfwLgoKe4G
2153;1;Myron69;eE5ITpHSa9AlKrE
2154;1;Chloe13;2YihCZCv6nfUyZO
2155;2;Gillian.Treutel36;Qmp_KtB68lgEdtB
2156;2;Karine13;j4Q7xu87A8yKcdu
2157;3;Elwyn.Wehner;v6lVZKRi6g24z3t
2158;3;May.Bartoletti;XbcR9aDGP8TRS_c
2159;2;Joy_Parisian80;AAaa61crncw42FK
2160;1;Misael47;BVmxTentKK0vH7t
2161;1;Amalia1;eTpzFhEyf6atEIF
2162;2;Vern_Fay;FfhNMav2VtgOlDG
2163;1;Boyd.Haag5;VrPWWwy82vSd38F
2164;2;Buddy_Hintz;5sZ1db2i4UcewwJ
2165;3;Royal0;pTIjIOhutZ4yvXO
2166;1;Coralie_Thompson35;0wF_5clGZJdhg6D
2167;3;Fred15;611ScD5Kdlh9ecn
2168;1;Nikki.Cummerata6;YtP1J69xU2jzIjG
2169;3;Alicia.Frami27;aONth259IyVPIcO
2170;1;Josefa56;IdGvTU8NausWMcu
2171;1;Haylie_Mayert46;meLwL7ByGMn2a4U
2172;3;Ludie3;_KLrUxB0tXnyhaQ
2173;2;Marquise38;aHiEr4O2rpZl7xe
2174;1;Jessy.Prohaska87;fcMqaF0Vs_2_NG3
2175;2;Nova_Toy56;gUWhYbTn2E7ldBK
2176;2;Dominique71;Wkx1HyRqPk2V5k_
2177;2;Kale49;hgP5EvCVl5Q9oME
2178;2;Hiram63;wdjfBhExzYycDmo
2179;3;Austyn.Schiller39;Di821dCWo2329uT
2180;2;Cleo97;HtVgHnjsRPxJ4LF
2181;1;Ruth.Huels47;frIeLWARStueeIJ
2182;1;Bertrand46;S3q4EEeHMde5Q5G
2183;1;Norval.Hansen86;gIa9qdmM9uA0aaM
2184;1;Kelvin.Nicolas;IOamEG90Yr9voK7
2185;3;Isaiah.Rohan;qCstTCseQ3t1Mbe
2186;2;Herminia6;pVjE_gxPiLtpkkr
2187;2;Leilani.Turcotte10;L5HGVTxKZJTUVmx
2188;2;Darby91;vbN75rb9mrXd_Ks
2189;1;Fay17;h7Po40F3LbtxINZ
2190;3;Felipa49;Mh4Z1Gz1cBJrg1g
2191;2;Tobin4;mLjBrSnHp6xqAEo
2192;3;Kris79;SGyStV6CVGwZurT
2193;3;Dixie_Steuber;BPqJBfFnbL8THIs
2194;3;Sigmund.Nicolas58;R5CgQzanfga5GUf
2195;1;Vincenzo75;rQggj5GYR8CsHQ2
2196;3;Sadie.McDermott;E4ZiL9jLgPrzytk
2197;2;Madelyn.Wunsch82;JvDiVzJjADlIKD4
2198;3;Hillary_Thiel-Reynolds;hCUZyKWgXHeutmx
2199;1;Mariano_Fadel;Z4iT2uW6xrt8OlH
2200;3;Callie.Shields;b3upuEJGojbB7YX
2201;2;Lori1;GA1vvjRsBO12G36
2202;3;Elmore31;L8lhUEHi5ireDz4
2203;2;Joan_Nikolaus43;pFJgxAepcECQCGq
2204;1;Adelle70;Z8ot3EyJtuI4HQ4
2205;1;Leilani_Grady;lGfgsSFOu5DxFxP
2206;3;Leora_Rutherford60;ybsHeFVCbVfZcwP
2207;1;Irving.Volkman14;FCPD2xBgipoTpm8
2208;2;Ezra.Walsh;6K4ooJ1UcV4811d
2209;3;Selena17;qQoWeTfQSKJAha6
2210;1;Bridie.Ryan;Xsi_jKCF_tTt_pg
2211;1;Hattie.Kunze31;bJQshYnOODXXdO9
2212;3;Stephany45;524qe1ttDUJoGl3
2213;3;Savannah39;oZkPunNuIXXoJH5
2214;2;Moriah.Stroman;OH_ozQP68rXz0P2
2215;2;Sarai_Turcotte;aX34q3hsaHX_3MB
2216;1;Cassandre88;HUYbjctluPRp4fQ
2217;1;Salvatore_Bins;6IQ0ucK2JMU7ivR
2218;1;Cordia1;mSlyaje35j5rjy4
2219;1;Roselyn_Gulgowski52;r67Nle6IawHbxYN
2220;1;Eva.Braun;W1swGxodjG6BtGx
2221;1;Eleanore_Crooks-Hansen;aWWRY1EnCHVE_m9
2222;3;Cale71;AoMimCRYJXRf2Ec
2223;2;Presley69;RH88EEi69qnSg8A
2224;2;Zachariah.Langworth42;3i8ZjbKN9mnGNsR
2225;2;Jasper8;yI5Uz6_l9ApMIyx
2226;3;Blair81;q9Ri9hBcUg6N1lL
2227;2;Leland_Block;cQjXbDuzJ9muviz
2228;3;Dillon.Kunze;RwqnyC9X5_F7sNI
2229;1;Joel_Bradtke;zvyroYU_C5ZjrKR
2230;1;Alison.Casper85;1qwaGAPXIVaLoG7
2231;3;Elta30;UhdHMj0gxCUNVpI
2232;1;Deja_Pacocha87;hjfPoMeGwodGeN6
2233;2;Damaris.Muller;PlGtIgUnWCgKvw2
2234;1;Retha.Ratke;_xkJeOuowJNnEFl
2235;3;Manley_Johnston;o3tKheNb48qvCHl
2236;3;Charity28;PU4IKyHsYRd1eiE
2237;1;Lottie.Grimes;dMZYNlIao4igTyA
2238;1;Vilma.Hermann71;uOPqRle8TMrtW76
2239;1;Verona82;n1GaSu6Nu_w6Rql
2240;1;Liam.Kunze;j3fdeiS7ol6KdvH
2241;3;Rosario.Torp;15Pn4NsFLuqwh9C
2242;2;Patricia_Schroeder94;bLr7ECJVTRNRQ1_
2243;3;Lionel_Greenfelder;nukjovEo193rhCa
2244;1;Izabella_Schuster;HsSNuY_1dwP13FC
2245;2;Jayme_Kuhic0;FI1fyPfTgQ_Mfii
2246;2;Celine_Bogan10;5ID5Cjs_Wh_zf87
2247;3;Lorenza.Reynolds;5W2yVkzfySzRYAD
2248;3;Hipolito67;jGiXwGTOWQ7ax4f
2249;1;Amaya6;olWVPwdY5I1KCmh
2250;2;Jan_Hackett;pMAZoaLt_ihg6zJ
2251;1;Landen.Boyle4;iknEiwutIEzYASY
2252;2;Zechariah_OKeefe;WK1N9UhrvwJ1wj_
2253;3;Wilbert_Mueller-Champlin46;EQZq3q3LwnqLaQM
2254;2;Oswald_Lang;fGy4K_ZScRF8GQo
2255;3;Angela81;fwsBICtnPBK0iaf
2256;3;Annabelle.Koelpin;hRLgMPlbAKfiuBM
2257;1;Haylie.Boyer5;nIEg2kF38h0C7qJ
2258;3;Adelia29;x8SQdbLzZKJK5gz
2259;2;Elinor3;pCPlKw9KFXBkj3b
2260;2;Elisha.Boyle41;s1f3myXugLdZZjM
2261;2;Elena_Okuneva48;TZCOx5WnMIyJUFE
2262;1;Elisa_Zemlak-Morissette;CfkskpBR2TyTawc
2263;1;Kadin29;ntXH4CyfiM25VfZ
2264;1;Trinity.Sanford;um6K6ZiJOK9E5nl
2265;1;Cali.Leffler;UaLR_dQSbFJ5Rhw
2266;2;Joyce23;8OXO160pVvk_Nh2
2267;2;Mazie_Hermiston;CTCnjCJDeUCs9rD
2268;1;Alana_Donnelly;kfo18x3SpDJAQFh
2269;3;Hunter10;jlCRFIkAxWqWkGX
2270;1;Nigel.McClure67;BjslYwHeBVP_Yzf
2271;1;Ahmed.Dietrich4;irKxpVp4THY9gkS
2272;3;Lonzo.Donnelly;YUBDof964bMRlar
2273;3;Carissa41;sa5TSKNs_bSaCG8
2274;2;Brooks55;GiqPJWaDBeiJtY9
2275;3;Anahi_Hirthe88;lKEheiriDmKYXNV
2276;3;Alysa.Jacobson45;Ab4a71HriHOhzvR
2277;1;Talon_Haag;mbN3u4DdUO5meko
2278;2;Stanley85;i5EvdFbXNlUG6zM
2279;3;Zane_Marquardt1;yc24zA_Kszjc3ii
2280;1;Thaddeus.Steuber;A3wed4JzfrnaAzD
2281;1;Marcos.Pacocha5;8kUmZikXlGMkFFi
2282;2;Solon.Beatty3;AxMry5JW4pCfQga
2283;2;Matilde_Carter74;PgHK6TMvI6etJ0r
2284;1;Cordia_Kuhic87;3erlEjnjlm52nB3
2285;3;Oceane57;RTmEjBCzmsfAayP
2286;2;Kariane72;bfWvuwIGWv8VoAn
2287;1;Lewis_DAmore58;jS3eHYcAUxMLN8L
2288;3;Fred69;GY1WK1mYp_qCCvM
2289;2;Alberta4;toVSVayT4QkELLB
2290;2;Helmer.Rodriguez15;nEhYtGC64FsWCm1
2291;1;Kristy58;D4f5tMzrLMlqxJ2
2292;1;Marisa68;9vkyWMgoEqH8ckE
2293;2;Mireille50;19Db2YVC_eAzUmS
2294;3;Isobel.Kuhn65;Y0UgVRd3CYhzczj
2295;2;Deanna94;vJfK1vTrJiJDq6v
2296;2;Jorge.Jacobi64;li9TOMdEsgacyns
2297;1;Geovanni.Torp;TiKfyqfknjAnzTW
2298;1;Clark_Jaskolski67;NsXzvSa1zjOkbrT
2299;2;Lonie.Rutherford37;0__AWiAquFWgzcQ
2300;3;Sofia.Huel;7YTWROHIjIPwNcG
2301;3;Clarabelle_MacGyver89;2oYAkX3ynh5h0GO
2302;3;Rocio_Osinski11;QOlCwrbb7wr8r_O
2303;3;Emmalee_Effertz;XTsAhOEGF8wu0eO
2304;1;Allene57;7A_JqBnYgQZy4XP
2305;3;Lavinia26;RrRLDjtD8YNjkrO
2306;2;Alyson_Jenkins91;Gc0PfoangY1b31n
2307;2;Mark30;3UOPJO0cLDAb3c_
2308;3;Hershel.Littel;hX6732lxmrcTpmz
2309;2;Ubaldo.Klein;Mc34J2x0o_jJ4kU
2310;2;Imelda16;MZ7Qnx8KWqV_pif
2311;1;Claud7;dTuuo9J87ZhoeJf
2312;2;Hayley_Beer41;aUnR9vzq4wROWEe
2313;3;Jerod.Walsh;14pwfpAvRN6cBeW
2314;1;Bernard.Boyle;yQt8jJr2aQALXZo
2315;3;Adolfo.Schamberger;iPOF5gouDLQ6rjV
2316;1;Angelita_Bailey52;ghJ52L8NRmCjPje
2317;1;Everardo.Zieme70;7nLTqFiRthGtlbI
2318;1;Durward.Schiller69;UJBrxiGuH1Cr9cz
2319;2;Violette.Gleason90;auQF53iZQm43LFg
2320;1;Stefan_King94;X8HrCUoOrJ7Hnqx
2321;1;Odell_Klein;YZlW1GQDOWS4zWO
2322;2;Bernita_Swift49;b4wIH112X6DmOSp
2323;3;Ernestine.Stanton;j9n1oWzChGTfmeG
2324;1;Marge_Runolfsson;RMY1wxl909R5QcF
2325;2;Lizeth.Block87;bamafI0DwIP1kUT
2326;1;August.Morar;9E7WkXTqFaFm_tV
2327;2;Florence25;rRcZtRw65QAQrPu
2328;1;Beverly_Bernier15;B8awaq7tYDvztnD
2329;3;Berta3;EuLKDWN3INdIn9u
2330;3;Merlin_Bahringer;PXVr3D8jGJTxyoj
2331;1;Rhiannon.Bosco;JrG7qLxwuCBtUgB
2332;1;Cathrine90;LhF7Yvj0EFdafB0
2333;2;Jerrod79;_ZNwSCaE6ImJ7av
2334;3;Leone71;9uLlLIY2DrCpC0u
2335;3;Cielo56;vFctSSkpO3gFUZV
2336;3;Ardella_Yundt34;E1iqXMBf4mRwHtK
2337;1;Vallie_Rau;md2Wjt5Sf5sLSCi
2338;3;Ervin33;kAmxNMSbbmsqb11
2339;1;Peter_Zboncak;ZFABRc5aY4EGIUT
2340;1;Anabelle_Marks94;UoksGsVdTvAzSJJ
2341;2;Maximillian87;iQiCsy8bv_nhmcM
2342;1;Otho.OConner;cga_b7QAQHKGN3t
2343;1;Shane10;xF60V2Czv1m8Wqn
2344;2;Domenico.Ratke77;oy8l4hBncf2j1cI
2345;3;Earnest_Botsford;8rK3OET0ImdSnHK
2346;3;Lionel.Hackett;mwSiLsrjc4IwWw_
2347;3;Bridie83;wno6XrKKkdcO47e
2348;1;Andre_Runte;QqBLrAgM7lECAGD
2349;3;Devyn_Moen;esA3ttuxqZeIIcu
2350;1;Elva26;Q9xpILs0dJXGeoR
2351;3;Pablo.Langosh-Cronin;oMEG8__fq7aWY88
2352;2;Bertrand_Satterfield;l94oAD4V0la41fx
2353;1;Brown.Robel;tANkRqshhJfI2B7
2354;3;Ambrose.Barrows;wlrgDgXqKwLAegb
2355;2;Lempi43;nruD6nu5Bsd7W3x
2356;3;Wendy.Spinka92;J8d_hIS1sshH_XU
2357;3;Oral_Jones61;et0AoG038vw91Go
2358;2;Kitty_Crist10;Hej_vETC0f9pJ4l
2359;2;Megane36;GkAwn6ywqFgTN2D
2360;1;Immanuel66;i3pyCbSUGZTYg8f
2361;2;Danyka.Shields3;ZBEF4XZUhwMydqI
2362;3;Carlee25;sTngdeyhDT6B9PO
2363;3;Casey.Price;N9ieXe0wgjqPBPK
2364;1;Ashlynn26;eRkpdiOj4mG0hN8
2365;1;Eve_Pfannerstill29;ugQCFNVKhVSI6T4
2366;2;Lonie18;yodfarA5DNBDHO3
2367;3;Gerhard_Schneider55;6o94pk4yMA4mng7
2368;1;Kaia.Tillman;R8rFabu9CsSpXhX
2369;3;Carmela_Kub87;gSlLb6H3QtxcaSx
2370;3;Emmanuel_White9;l9Urhl_Dh8lqY9t
2371;1;Katrine61;ji61sOkqNQrHB7B
2372;1;Liliana81;z6cuPTDuPRkKCrL
2373;1;Trace82;wmgH_4xx9tTYb29
2374;1;Marjolaine60;YdhRP7ZWc0lfFb_
2375;1;Shayne_Gutkowski;RHzFAqgfeQ56mhv
2376;2;Valerie15;OSDj0ymUvfS5TfE
2377;1;Mario.Morar90;rRax4fApXynMuZc
2378;1;Shaun_Abshire;qqtmNmR97oTVmyM
2379;2;Litzy_Cassin;8mrRiKIozC5rXNi
2380;2;Darby.Padberg-Collins;FF9wY2wu8GipCvc
2381;2;David_Feil;k1WE3plHbba2FMR
2382;3;Laverne_Kerluke;trccS0WmdWxIr4K
2383;1;Elfrieda38;RzCjqio7CcE92d7
2384;3;Pasquale_Klocko;h2KBMAUnUR9g7Hl
2385;2;Avis_Kris;f6FSizZq3VdNXfk
2386;3;Candelario25;dHOU75mQu4tqRIn
2387;1;Arvilla.Okuneva98;y5LNxI5Nm_WC2pe
2388;2;Ruthie.Breitenberg;7gK4TmL8m0FrQYS
2389;2;Modesto7;PE4m7KhB75_foT8
2390;2;Jillian_Marvin;7zYcntJslU5fHki
2391;1;Dusty51;OV8Ld2OYgGzTVEZ
2392;2;Katelyn46;oEQemxR9s_i5hYD
2393;2;Gregg_Grant;ylF_5m5U_YybIbJ
2394;3;Ruben42;szr_l1mauEyzzWb
2395;1;Louvenia_Thompson9;nvT1asKagfLxmqi
2396;3;Nels75;L_j1UmeEnh2xnpp
2397;1;Edgardo_Stiedemann98;1k0Mai82oF8blaS
2398;2;Dulce8;sbriPUnhJo1Hsjq
2399;1;Keeley_Fahey41;dqqHQn0kibJOSC3
2400;3;Edwin.Larson;4xVrc_0QIrnBjbg
2401;1;Justine50;X_euufFQNuKzeIl
2402;1;Idella.Gislason50;vBbSoe3Uaq5oJ7T
2403;3;Lolita86;vdBvRRbBEarEVtM
2404;1;Orval.Yundt97;txE2GXIB54R8Z8B
2405;3;Domingo.Green;pf0pwxnHAZdaY5C
2406;1;Kenyon.Spencer;Ok0E4Hpnl0PkyGV
2407;1;Okey11;QxzoC_4SNFzyQ2b
2408;3;Marty21;0LLkOHaGLVqc8rk
2409;3;Yasmeen.Luettgen47;OgkYtTta1yYj7jH
2410;3;Kay10;gYWvdAOxosdmsyR
2411;3;Herta.Wehner70;KHGVNKqW4liZLPl
2412;2;Geo.Gusikowski;LE9NdxJtLsmaUV7
2413;3;Felix.Flatley;vXgCEq2KifPHAeY
2414;3;Adrien_Pacocha92;oTFqBYUuJUdxe8S
2415;1;Gia71;b4dtcFBlu40WsjM
2416;3;Sydnie18;yr7zbyuAPpY7bQu
2417;3;Dashawn.Durgan;xAUeKxCjjonL_px
2418;2;Okey38;ev80_c3OMKd3dlX
2419;2;Mertie36;ia3M_Dw2X3hz_jy
2420;1;Maybell_Franecki12;MBoXBbm6YNVORIE
2421;3;Enrique21;F0fXvM5xlmgflbb
2422;1;Raegan.Buckridge;W9jk4Tw3vXLBE7N
2423;1;Icie73;1niSghSo5L1z1Qz
2424;1;Kianna_Bergstrom;kfGGYIA6lck48t5
2425;3;Euna80;ZUh3Ql5dvJryheH
2426;3;Russ80;37aCwPzMQPmhjku
2427;1;Sydnee30;MoYMW5cw0ibXgEK
2428;1;Efren_Veum;NjYgeiEeqOJbyTQ
2429;2;Antonetta68;Neuv1rnCPCxCN6a
2430;3;Reanna44;_pQXtihuZwtkE4s
2431;2;Dexter.Aufderhar;OEKDrSQ0GrHENlv
2432;1;Julie_Pfannerstill;9KiI6Bb4DAdZYXT
2433;2;Reilly_Gottlieb;tQQwLfmMY4cCzRv
2434;3;Bret_Pfannerstill-Price34;3pNaFcwt4TOppLR
2435;3;Darian_Grady;CSOPo4_KYKg3ENB
2436;3;Opal_Wolff75;1hC7ZToxrYrXnSZ
2437;3;Lucy41;K_bGrkFEqEmUIyD
2438;2;Brigitte75;l7TBFvhnTAd2HhF
2439;1;Delfina_Volkman76;bT0J9SS4soxIkIY
2440;3;Baby.Ward99;oFST5wF949xcCWn
2441;2;Lupe_Franecki;IA4mHnQK0DnfvoM
2442;1;Aubrey_Bosco;cSnWOmlddfW14pd
2443;1;Earnestine51;KWfCmg4HH9CGlBY
2444;1;Marion_Farrell24;2gdA1YkSg9axQf7
2445;2;Jarred_Gerlach;Jp4C9TampStIqs8
2446;3;Joany.Langosh;YbKkMYUrBnQyBRs
2447;1;Fredrick_Kirlin;jFiabfdzeWX2idv
2448;1;Orion4;3TTgJUcmjJJGtt_
2449;3;Kristin_Huel-Bruen17;wMin8oCnAg1yBZP
2450;2;Alanis37;yds1l2y9E9yjaab
2451;1;Darrick_McCullough18;RdZvjAlCspGcwXb
2452;1;Russel28;rG5qBQ_KgEjSogy
2453;3;Hiram.Schuppe52;XeE41TOkxQRKgSU
2454;2;Adolphus_Keebler;T0UcUFFtt1VdkNE
2455;3;Jude_Kreiger8;Lyc3wuNXU8BPH8x
2456;2;Wilber.Klein;cph0Vy5wIkf0aLa
2457;3;Carlos79;ckNffdvPWAlxyXF
2458;2;Orpha_Gulgowski;TCJstdOhn90dSsE
2459;3;Concepcion_Nolan96;2aJKtCHsKDWUMIm
2460;2;Mozelle.Hirthe18;kL3qDj1YAy2E0nJ
2461;1;Hollis.Stehr;Owc8thN0QE0qSDt
2462;2;Ernestine_Homenick98;GrNN5XWELk6_amR
2463;3;Beverly_Hand38;plmVLNebRFOV9rM
2464;2;Evelyn.Steuber7;8qzaIvoxVl8uEOX
2465;2;Maye_Collins;Tnx9bEChJruCl5z
2466;3;Caterina_Mayer23;61n6PjMFqL0Hhbx
2467;3;Clarissa57;6XSecWngvRZU2ea
2468;2;Kristin_Wunsch-Nienow60;ZCDzY13OXnnNXdF
2469;3;Norris_OConnell95;EQoOGKqj_qXT7Ku
2470;3;Tony71;bH6TCo0eJ_eB2MT
2471;2;Laurie.Tromp;LzX4f_J89YneKuv
2472;3;Vergie83;T_p6rKPLZV6TxpH
2473;2;Jovanny69;xslXewYw8InIL51
2474;2;Margie_Huels65;HYfZhCCCjkWEVx8
2475;2;Krista_Labadie;kvjgllCOpTdL9qE
2476;2;Hillard_Stoltenberg;6NbqjgEfTfM8XZe
2477;1;Osborne79;pFUp6C_WvjyzzeD
2478;1;Wilfred96;VfgheaoWyFKdTsz
2479;1;Burdette_Bergstrom94;ZGsG0E13ZroCDF9
2480;3;Michele.Ebert98;0e7fydyhnVPkc8W
2481;2;Alfredo3;JFxn9MMSqQhbmZj
2482;1;Kristofer34;OhQxH5PKZ8g31oc
2483;2;Angelo_Dickinson;l7ZkP8xtX6a1Ry9
2484;1;Linnea_Carter24;gsPeWiFsVB8cgyr
2485;3;Alyson50;gThNRmd73EAlaEf
2486;1;Tre_Mosciski;WacF42sSsHNX_FB
2487;2;Art61;_vPEG0Tmw84SkVQ
2488;2;Jalyn.Crist86;qAyGB02_0ZuB9Zj
2489;3;Minnie.Kuphal54;GkQ1YVa2lafAd8Q
2490;2;Onie12;jJqJA_YXuVtbz0e
2491;3;Jordyn.Zemlak;oh5t8X3zqPdSmk2
2492;1;Nicolette.Kris50;JmfD1L__m1AXMNP
2493;1;Patricia30;SU_408lgJahh1kh
2494;1;Jesus68;XQyjCaGryGudW2R
2495;3;Archibald_Langosh;OC7Hg_pLXLehZrU
2496;3;Deshawn_Daugherty;TvFswWe891fDSuw
2497;2;Henry.Marks;Gb1KISOvOvfOEwn
2498;2;Emily.Smitham96;2goZKslUEpIXuLH
2499;3;Cassandra.Yundt;04Tn2jk4nHdVeQN
